Name,Sex,Births,Ranking
Mary,F,24390,1
Helen,F,11801,2
Margaret,F,9279,3
Dorothy,F,8869,4
Ruth,F,8003,5
Anna,F,6753,6
Elizabeth,F,6298,7
Mildred,F,6271,8
Marie,F,5017,9
Frances,F,4967,10
Alice,F,4813,11
Florence,F,4424,12
Lillian,F,4367,13
Rose,F,4151,14
Ethel,F,4141,15
Evelyn,F,4076,16
Edna,F,3957,17
Gladys,F,3933,18
Louise,F,3725,19
Catherine,F,3565,20
Irene,F,3502,21
Ruby,F,3372,22
Grace,F,3304,23
Annie,F,3298,24
Hazel,F,3290,25
Virginia,F,3263,26
Thelma,F,3166,27
Martha,F,3019,28
Josephine,F,3011,29
Gertrude,F,2895,30
Edith,F,2825,31
Lucille,F,2740,32
Clara,F,2691,33
Esther,F,2676,34
Emma,F,2616,35
Bertha,F,2606,36
Beatrice,F,2522,37
Pauline,F,2345,38
Agnes,F,2315,39
Bessie,F,2279,40
Elsie,F,2224,41
Sarah,F,2201,42
Mabel,F,2171,43
Julia,F,2158,44
Ida,F,2119,45
Eva,F,2109,46
Viola,F,2083,47
Pearl,F,2075,48
Eleanor,F,2035,49
Myrtle,F,2033,50
Bernice,F,1915,51
Minnie,F,1899,52
Ann,F,1882,53
Nellie,F,1866,54
Katherine,F,1858,55
Doris,F,1812,56
Laura,F,1790,57
Marion,F,1744,58
Marjorie,F,1722,59
Lillie,F,1690,60
Willie,F,1637,61
Alma,F,1611,62
Ella,F,1604,63
Anne,F,1598,64
Mattie,F,1552,65
Jessie,F,1550,66
Vera,F,1510,67
Lois,F,1508,68
Betty,F,1456,69
Lena,F,1449,70
Mae,F,1449,71
Stella,F,1422,72
Kathryn,F,1397,73
Jean,F,1381,74
Blanche,F,1361,75
Leona,F,1329,76
Lucy,F,1309,77
Carrie,F,1281,78
Beulah,F,1244,79
Vivian,F,1211,80
Opal,F,1190,81
Sylvia,F,1184,82
Violet,F,1183,83
Ellen,F,1162,84
Jennie,F,1161,85
Hattie,F,1136,86
Marguerite,F,1113,87
Fannie,F,1100,88
Mamie,F,1095,89
Velma,F,1045,90
Cora,F,1022,91
Rosa,F,1022,92
Genevieve,F,989,93
Lula,F,970,94
Charlotte,F,960,95
Georgia,F,957,96
Ada,F,939,97
Jane,F,937,98
Inez,F,924,99
Theresa,F,919,100
Hilda,F,916,101
Wilma,F,914,102
Emily,F,909,103
Dora,F,888,104
Marian,F,884,105
Estelle,F,864,106
Juanita,F,862,107
Daisy,F,833,108
Eunice,F,830,109
Nancy,F,827,110
Maggie,F,822,111
Susie,F,822,112
Sadie,F,806,113
Alberta,F,801,114
Harriet,F,792,115
Nora,F,779,116
Flora,F,749,117
Loretta,F,739,118
Barbara,F,737,119
Lola,F,712,120
Olive,F,699,121
Geneva,F,688,122
Sara,F,687,123
Christine,F,686,124
Sophie,F,671,125
Kathleen,F,663,126
Mable,F,659,127
Lucile,F,654,128
Maria,F,646,129
Della,F,645,130
Rosie,F,643,131
Verna,F,639,132
Madeline,F,628,133
Geraldine,F,627,134
Lottie,F,620,135
Nettie,F,617,136
Irma,F,615,137
Erma,F,595,138
Katie,F,595,139
Goldie,F,593,140
Naomi,F,585,141
Lydia,F,568,142
Eula,F,561,143
Henrietta,F,558,144
Maude,F,553,145
Caroline,F,550,146
Effie,F,549,147
Rebecca,F,546,148
May,F,541,149
Rachel,F,537,150
Sally,F,535,151
Maxine,F,531,152
Norma,F,531,153
Audrey,F,527,154
Phyllis,F,527,155
Essie,F,525,156
Ollie,F,521,157
Ora,F,513,158
Sallie,F,509,159
Victoria,F,503,160
Addie,F,497,161
Lela,F,489,162
Olga,F,489,163
Miriam,F,487,164
Nina,F,466,165
Winifred,F,463,166
Susan,F,459,167
Isabel,F,447,168
Jeanette,F,444,169
Lizzie,F,441,170
Roberta,F,441,171
Fern,F,435,172
Etta,F,434,173
Amelia,F,430,174
Cecelia,F,416,175
Adeline,F,413,176
Freda,F,413,177
Celia,F,410,178
Rita,F,403,179
Iva,F,397,180
Bonnie,F,389,181
Dorothea,F,389,182
Antoinette,F,388,183
Faye,F,388,184
Carolyn,F,387,185
Janet,F,386,186
Anita,F,381,187
Lorene,F,380,188
Wanda,F,380,189
Mollie,F,378,190
Isabelle,F,377,191
Jeannette,F,373,192
Lorraine,F,365,193
Estella,F,364,194
Ola,F,364,195
Dolores,F,363,196
Leola,F,363,197
Shirley,F,362,198
Angelina,F,359,199
Cleo,F,358,200
Alta,F,357,201
Elva,F,354,202
Muriel,F,353,203
Veronica,F,353,204
Luella,F,352,205
Regina,F,343,206
Cecilia,F,342,207
Fay,F,339,208
Flossie,F,339,209
Jewell,F,338,210
Eileen,F,336,211
Frieda,F,335,212
Claire,F,333,213
Sue,F,330,214
Nannie,F,329,215
Jewel,F,327,216
Marcella,F,327,217
Patricia,F,325,218
Eloise,F,324,219
Nell,F,322,220
Angeline,F,321,221
Matilda,F,321,222
Selma,F,321,223
Janie,F,317,224
Rosalie,F,309,225
Ina,F,306,226
Lila,F,302,227
Adele,F,298,228
Constance,F,298,229
Amy,F,296,230
Angela,F,292,231
Helene,F,283,232
Teresa,F,281,233
Amanda,F,280,234
Hannah,F,279,235
June,F,278,236
Virgie,F,275,237
Sophia,F,272,238
Margie,F,271,239
Zelma,F,268,240
Jeanne,F,266,241
Rena,F,260,242
Reba,F,259,243
Eliza,F,258,244
Lee,F,258,245
Johnnie,F,256,246
Allie,F,253,247
Elma,F,252,248
Gussie,F,245,249
Ila,F,243,250
Ernestine,F,238,251
Winnie,F,237,252
Francis,F,234,253
Joan,F,233,254
Elvira,F,230,255
Annette,F,227,256
Arlene,F,226,257
Letha,F,225,258
Adelaide,F,223,259
Callie,F,223,260
Lessie,F,220,261
Eugenia,F,219,262
Tillie,F,219,263
Kate,F,216,264
Millie,F,216,265
Cornelia,F,213,266
Belle,F,211,267
Lenora,F,211,268
Madge,F,210,269
Elnora,F,202,270
Leah,F,202,271
Hester,F,201,272
Carmen,F,199,273
Elaine,F,199,274
Lora,F,199,275
Gracie,F,197,276
Dollie,F,196,277
Clarice,F,194,278
Gwendolyn,F,194,279
Josie,F,193,280
Augusta,F,192,281
Peggy,F,192,282
Olivia,F,191,283
Natalie,F,190,284
Odessa,F,187,285
Myra,F,186,286
Corinne,F,185,287
Cecile,F,184,288
Hallie,F,184,289
Lorena,F,184,290
Carol,F,181,291
Edythe,F,181,292
Claudia,F,178,293
Harriett,F,177,294
Elinor,F,176,295
Maudie,F,176,296
Rosetta,F,176,297
Dessie,F,175,298
Helena,F,175,299
Bertie,F,174,300
Iris,F,173,301
Carmela,F,172,302
Delia,F,170,303
Frankie,F,170,304
Billie,F,169,305
Neva,F,168,306
Nola,F,168,307
Roxie,F,168,308
Annabelle,F,164,309
Pearlie,F,163,310
Rhoda,F,161,311
Rosemary,F,160,312
Eleanore,F,159,313
Lelia,F,159,314
Lilly,F,154,315
Bettie,F,153,316
Lou,F,153,317
Avis,F,152,318
Corine,F,152,319
Alyce,F,151,320
Connie,F,151,321
Merle,F,151,322
Aileen,F,150,323
Donna,F,149,324
Christina,F,148,325
Katharine,F,148,326
Priscilla,F,148,327
Melba,F,146,328
Willa,F,145,329
Zella,F,144,330
Aline,F,143,331
Leila,F,143,332
Ione,F,142,333
Wilhelmina,F,141,334
Rosella,F,140,335
Concetta,F,138,336
Dolly,F,138,337
Imogene,F,137,338
Joyce,F,136,339
Laverne,F,136,340
Tessie,F,136,341
Maud,F,135,342
Pansy,F,135,343
Arline,F,133,344
Mayme,F,132,345
Nadine,F,132,346
Yvonne,F,132,347
Catharine,F,131,348
Lenore,F,131,349
Erna,F,130,350
Lily,F,130,351
Linda,F,130,352
Isabella,F,129,353
Molly,F,129,354
Ophelia,F,129,355
Gloria,F,126,356
Iola,F,125,357
Oma,F,125,358
Jimmie,F,123,359
Berniece,F,122,360
Dovie,F,122,361
Bernadine,F,121,362
Birdie,F,121,363
Johanna,F,121,364
Leora,F,121,365
Leota,F,121,366
Eddie,F,120,367
Gertie,F,120,368
Isabell,F,120,369
Lucinda,F,120,370
Jannie,F,119,371
Maurine,F,119,372
Stephanie,F,118,373
Alvina,F,117,374
Janice,F,117,375
Zelda,F,117,376
Cecil,F,116,377
Garnet,F,116,378
Loraine,F,116,379
Rubye,F,116,380
Minerva,F,114,381
Kay,F,111,382
Leone,F,111,383
Vesta,F,111,384
Alpha,F,110,385
Iona,F,110,386
Louella,F,110,387
Antonia,F,109,388
Philomena,F,109,389
Georgie,F,108,390
Vada,F,106,391
Cynthia,F,105,392
Mona,F,105,393
Paula,F,105,394
Rae,F,105,395
Hortense,F,104,396
Lona,F,104,397
Blanch,F,103,398
Elsa,F,103,399
Ester,F,101,400
Vida,F,101,401
Artie,F,100,402
Fanny,F,100,403
Lura,F,100,404
Queen,F,100,405
Leta,F,98,406
Carmella,F,97,407
Mathilda,F,97,408
Elisabeth,F,96,409
Louisa,F,96,410
Nona,F,96,411
Sybil,F,96,412
Verda,F,96,413
Judith,F,95,414
Lettie,F,95,415
Reva,F,95,416
Beryl,F,94,417
Cassie,F,94,418
Hettie,F,94,419
Lauretta,F,94,420
Bess,F,93,421
Bobbie,F,93,422
Florine,F,93,423
Bernadette,F,92,424
Dixie,F,92,425
Mercedes,F,92,426
Marietta,F,91,427
Mina,F,91,428
Polly,F,91,429
Floy,F,89,430
Maybelle,F,89,431
Rhea,F,89,432
Wilda,F,89,433
Allene,F,88,434
Enid,F,87,435
Ivy,F,87,436
Phoebe,F,87,437
Ava,F,86,438
Golda,F,85,439
Linnie,F,85,440
Lorna,F,85,441
Robbie,F,85,442
Clare,F,84,443
Clementine,F,84,444
Elena,F,84,445
Agatha,F,83,446
Alva,F,83,447
Angie,F,83,448
Monica,F,83,449
Bella,F,82,450
Idella,F,82,451
Lulu,F,82,452
Oleta,F,82,453
Vergie,F,82,454
Zora,F,82,455
Aurelia,F,81,456
Mazie,F,81,457
Ramona,F,81,458
Gretchen,F,80,459
Lue,F,80,460
Evie,F,79,461
Tommie,F,79,462
Era,F,78,463
Mittie,F,78,464
Nelle,F,78,465
Zola,F,78,466
Abbie,F,77,467
Althea,F,77,468
Elda,F,77,469
Elise,F,77,470
Harriette,F,77,471
Retha,F,77,472
Corrine,F,76,473
Hulda,F,76,474
Madeleine,F,76,475
Margery,F,76,476
Delores,F,75,477
Mozelle,F,75,478
Ocie,F,75,479
Ona,F,75,480
Valeria,F,75,481
Veda,F,74,482
Camille,F,73,483
Julie,F,73,484
Magnolia,F,73,485
Una,F,73,486
Bennie,F,72,487
Glenna,F,72,488
Eve,F,71,489
Filomena,F,71,490
Madelyn,F,71,491
Magdalene,F,71,492
Evangeline,F,70,493
Margarita,F,70,494
Roma,F,70,495
Chloe,F,69,496
Ethelyn,F,69,497
James,F,69,498
Marcia,F,69,499
Orpha,F,69,500
Clyde,F,68,501
Delma,F,68,502
Estell,F,68,503
Guadalupe,F,68,504
John,F,68,505
Patsy,F,68,506
Hope,F,67,507
Johnie,F,67,508
Leonora,F,67,509
Yetta,F,67,510
Aurora,F,66,511
Rosalind,F,66,512
Tressie,F,66,513
Ursula,F,66,514
Vivien,F,66,515
Winnifred,F,66,516
Lovie,F,65,517
Lucia,F,65,518
Dorotha,F,64,519
Lennie,F,64,520
Suzanne,F,64,521
Adela,F,63,522
Joy,F,63,523
Lavina,F,63,524
Millicent,F,63,525
Novella,F,63,526
Ray,F,63,527
Ruthie,F,63,528
Winona,F,63,529
Yolanda,F,63,530
Albina,F,62,531
Myrtie,F,62,532
Odell,F,62,533
Petra,F,62,534
Adell,F,61,535
Belva,F,61,536
Celeste,F,61,537
Lina,F,61,538
Lorine,F,61,539
Myrna,F,61,540
Myrtice,F,61,541
Almeda,F,60,542
Beverly,F,60,543
Ferne,F,60,544
Georgiana,F,60,545
Idell,F,60,546
Rowena,F,60,547
Albertha,F,59,548
Anastasia,F,59,549
Joanna,F,59,550
Juliette,F,59,551
Mandy,F,59,552
Margret,F,59,553
Melvina,F,59,554
Myrtis,F,59,555
Tina,F,59,556
Zula,F,59,557
Delphia,F,58,558
Dorris,F,58,559
Eleanora,F,58,560
Malinda,F,58,561
Pinkie,F,58,562
Valerie,F,58,563
Alda,F,57,564
Beth,F,57,565
Consuelo,F,57,566
Delphine,F,57,567
Dorthy,F,57,568
Emilie,F,57,569
Hedwig,F,57,570
Lyda,F,57,571
Melva,F,57,572
Carolina,F,56,573
Cordelia,F,56,574
Diana,F,56,575
Earline,F,56,576
Madie,F,56,577
Manuela,F,56,578
Velva,F,56,579
Elna,F,55,580
Margarette,F,55,581
Meta,F,55,582
Easter,F,54,583
Evalyn,F,54,584
Alene,F,53,585
Germaine,F,53,586
Jacqueline,F,53,587
Katheryn,F,53,588
Leatha,F,53,589
Rosamond,F,53,590
Vernice,F,53,591
Elvera,F,52,592
Freida,F,52,593
Annabel,F,51,594
Claudie,F,51,595
Esta,F,51,596
George,F,51,597
Jettie,F,51,598
Lea,F,51,599
Marjory,F,51,600
Rubie,F,51,601
Sudie,F,51,602
Verona,F,51,603
Zona,F,51,604
Altha,F,50,605
Audra,F,50,606
Felicia,F,50,607
Theodora,F,50,608
William,F,50,609
Carmel,F,49,610
Dortha,F,49,611
Exie,F,49,612
Francisca,F,49,613
Ima,F,49,614
Macie,F,49,615
Maybell,F,49,616
Crystal,F,48,617
Dena,F,48,618
Edwina,F,48,619
Ira,F,48,620
Kitty,F,48,621
Lupe,F,48,622
Vernie,F,48,623
Berta,F,47,624
Bulah,F,47,625
Cathryn,F,47,626
Dona,F,47,627
Donnie,F,47,628
Ellie,F,47,629
Faith,F,47,630
Juana,F,47,631
Nelda,F,47,632
Octavia,F,47,633
Adella,F,46,634
Alfreda,F,46,635
Berenice,F,46,636
Charity,F,46,637
Hildred,F,46,638
Hilma,F,46,639
Viva,F,46,640
Arvilla,F,45,641
Corene,F,45,642
Elouise,F,45,643
Gene,F,45,644
Joe,F,45,645
Kattie,F,45,646
Lida,F,45,647
Nan,F,45,648
Savannah,F,45,649
Alicia,F,44,650
Beaulah,F,44,651
Charlie,F,44,652
Dorcas,F,44,653
Florida,F,44,654
Justine,F,44,655
Kathryne,F,44,656
Libby,F,44,657
Vina,F,44,658
Bell,F,43,659
Claudine,F,43,660
Hellen,F,43,661
Lilyan,F,43,662
Marvel,F,43,663
Rachael,F,43,664
Vallie,F,43,665
Vivienne,F,43,666
Emilia,F,42,667
Ethyl,F,42,668
Eulalia,F,42,669
Gilda,F,42,670
Maryann,F,42,671
Nita,F,42,672
Pearle,F,42,673
Reta,F,42,674
Susanna,F,42,675
Camilla,F,41,676
Goldia,F,41,677
Gwen,F,41,678
Jenny,F,41,679
Jo,F,41,680
Juliet,F,41,681
Kathrine,F,41,682
Luvenia,F,41,683
Marianne,F,41,684
Maxie,F,41,685
Aletha,F,40,686
Annetta,F,40,687
Charlene,F,40,688
Charles,F,40,689
Elinore,F,40,690
Emmie,F,40,691
Lucretia,F,40,692
Magdalena,F,40,693
Maye,F,40,694
Pattie,F,40,695
Rosia,F,40,696
Treva,F,40,697
Bonita,F,39,698
Cleta,F,39,699
Greta,F,39,700
Josefa,F,39,701
Robert,F,39,702
Verla,F,39,703
Adelia,F,38,704
Cathrine,F,38,705
Garnett,F,38,706
Grayce,F,38,707
Hildegarde,F,38,708
Judy,F,38,709
Mallie,F,38,710
Roslyn,F,38,711
Sabina,F,38,712
Velda,F,38,713
Antonette,F,37,714
Jerry,F,37,715
Lilla,F,37,716
Madaline,F,37,717
Pearline,F,37,718
Rosina,F,37,719
Signe,F,37,720
Therese,F,37,721
Clarissa,F,36,722
Deborah,F,36,723
Deloris,F,36,724
Eldora,F,36,725
Ines,F,36,726
Ivory,F,36,727
Josefina,F,36,728
Lucie,F,36,729
Nova,F,36,730
Theo,F,36,731
Trudie,F,36,732
Adelle,F,35,733
Audie,F,35,734
Clemmie,F,35,735
Diane,F,35,736
Leslie,F,35,737
Martina,F,35,738
Rosalee,F,35,739
Verdie,F,35,740
Ana,F,34,741
Celestine,F,34,742
Elvie,F,34,743
Georgianna,F,34,744
Ilene,F,34,745
Jaunita,F,34,746
Letitia,F,34,747
Lilian,F,34,748
Ludie,F,34,749
Luisa,F,34,750
Queenie,F,34,751
Renee,F,34,752
Violette,F,34,753
Adrienne,F,33,754
Alverta,F,33,755
Earnestine,F,33,756
Eda,F,33,757
Elmira,F,33,758
Eulah,F,33,759
Louvenia,F,33,760
Mavis,F,33,761
Myrle,F,33,762
Ossie,F,33,763
Sofia,F,33,764
Tennie,F,33,765
Clora,F,32,766
Cordie,F,32,767
Freddie,F,32,768
Gail,F,32,769
Imelda,F,32,770
Janette,F,32,771
Liza,F,32,772
Minna,F,32,773
Mozell,F,32,774
Nedra,F,32,775
Odie,F,32,776
Ardella,F,31,777
Bridget,F,31,778
Ena,F,31,779
Hazle,F,31,780
Leonore,F,31,781
Louie,F,31,782
Marianna,F,31,783
Marilyn,F,31,784
Melissa,F,31,785
Nathalie,F,31,786
Neoma,F,31,787
Rilla,F,31,788
Vena,F,31,789
Benita,F,30,790
Betsy,F,30,791
Dottie,F,30,792
Henry,F,30,793
Lenna,F,30,794
Lera,F,30,795
Lonnie,F,30,796
Ottie,F,30,797
Sammie,F,30,798
Sibyl,F,30,799
Zoe,F,30,800
Amie,F,29,801
Bette,F,29,802
Emmer,F,29,803
Enola,F,29,804
Frank,F,29,805
Lavada,F,29,806
Monnie,F,29,807
Onie,F,29,808
Rosalia,F,29,809
Tena,F,29,810
Amalia,F,28,811
Elisa,F,28,812
Elvina,F,28,813
Etha,F,28,814
Evelyne,F,28,815
Fairy,F,28,816
Florrie,F,28,817
Golden,F,28,818
Joann,F,28,819
Joseph,F,28,820
Magdalen,F,28,821
Norene,F,28,822
Ozella,F,28,823
Rosemarie,F,28,824
Aida,F,27,825
Annabell,F,27,826
Berneice,F,27,827
Bethel,F,27,828
Birtha,F,27,829
Fae,F,27,830
Jackie,F,27,831
Laverna,F,27,832
Madonna,F,27,833
Mathilde,F,27,834
Myrl,F,27,835
Ouida,F,27,836
Thora,F,27,837
Adah,F,26,838
Adelina,F,26,839
Dale,F,26,840
Doretha,F,26,841
Emeline,F,26,842
Glenda,F,26,843
Glennie,F,26,844
Icie,F,26,845
Lavon,F,26,846
Leonor,F,26,847
Maureen,F,26,848
Santa,F,26,849
Verlie,F,26,850
Willia,F,26,851
Zena,F,26,852
Adaline,F,25,853
Cordia,F,25,854
Dagmar,F,25,855
Delta,F,25,856
Earlene,F,25,857
Elenora,F,25,858
Eura,F,25,859
Flonnie,F,25,860
Gertha,F,25,861
Herminia,F,25,862
Lexie,F,25,863
Lynn,F,25,864
Mariah,F,25,865
Mellie,F,25,866
Naoma,F,25,867
Oda,F,25,868
Ressie,F,25,869
Retta,F,25,870
Rosanna,F,25,871
Sadye,F,25,872
Vinnie,F,25,873
Zenobia,F,25,874
Alline,F,24,875
Andrea,F,24,876
Angelita,F,24,877
Annis,F,24,878
Arleen,F,24,879
Delilah,F,24,880
Dell,F,24,881
Elberta,F,24,882
Euna,F,24,883
Hanna,F,24,884
Hermina,F,24,885
Izola,F,24,886
Joanne,F,24,887
Justina,F,24,888
Lavern,F,24,889
Lavinia,F,24,890
Liddie,F,24,891
Loma,F,24,892
Margaretta,F,24,893
Neta,F,24,894
Rozella,F,24,895
Sidney,F,24,896
Syble,F,24,897
Albertine,F,23,898
Allean,F,23,899
Ara,F,23,900
Ardell,F,23,901
Blanchie,F,23,902
Cathleen,F,23,903
Clifford,F,23,904
Concepcion,F,23,905
Coral,F,23,906
Corrie,F,23,907
Drucilla,F,23,908
Emmaline,F,23,909
Eugenie,F,23,910
Florene,F,23,911
Gay,F,23,912
Irine,F,23,913
Lonie,F,23,914
Luna,F,23,915
Mabelle,F,23,916
Mammie,F,23,917
Marcelle,F,23,918
Marge,F,23,919
Mertie,F,23,920
Omie,F,23,921
Ova,F,23,922
Selena,F,23,923
Sigrid,F,23,924
Sonia,F,23,925
Sula,F,23,926
Theola,F,23,927
Thomas,F,23,928
Tomasa,F,23,929
Vella,F,23,930
Vilma,F,23,931
Afton,F,22,932
Arie,F,22,933
Arizona,F,22,934
Berdie,F,22,935
Bernardine,F,22,936
Dina,F,22,937
Elmer,F,22,938
Eveline,F,22,939
Florance,F,22,940
Gennie,F,22,941
Georgina,F,22,942
Hildegard,F,22,943
Izetta,F,22,944
Jeane,F,22,945
Laurette,F,22,946
Mabell,F,22,947
Malvina,F,22,948
Margarett,F,22,949
Nevada,F,22,950
Prudence,F,22,951
Reatha,F,22,952
Rosaline,F,22,953
Veola,F,22,954
Versie,F,22,955
Vincenza,F,22,956
Williemae,F,22,957
Astrid,F,21,958
Augustine,F,21,959
Carmelita,F,21,960
Ceola,F,21,961
Delpha,F,21,962
Emelia,F,21,963
Erline,F,21,964
Eudora,F,21,965
Felice,F,21,966
Frederica,F,21,967
Henretta,F,21,968
Henriette,F,21,969
Inga,F,21,970
Jessica,F,21,971
Jonnie,F,21,972
Juliana,F,21,973
Margarete,F,21,974
Norine,F,21,975
Olevia,F,21,976
Palma,F,21,977
Pat,F,21,978
Susanne,F,21,979
Tressa,F,21,980
Zelpha,F,21,981
Almira,F,20,982
Alvera,F,20,983
Alvira,F,20,984
Arlena,F,20,985
Buna,F,20,986
Corean,F,20,987
Darlene,F,20,988
Delfina,F,20,989
Edyth,F,20,990
Emogene,F,20,991
Erie,F,20,992
Freeda,F,20,993
Georgette,F,20,994
Helga,F,20,995
Hertha,F,20,996
India,F,20,997
Laurine,F,20,998
Libbie,F,20,999
Margueritte,F,20,1000
Mossie,F,20,1001
Romaine,F,20,1002
Santina,F,20,1003
Sister,F,20,1004
Vernell,F,20,1005
Zettie,F,20,1006
Alvena,F,19,1007
America,F,19,1008
Burnice,F,19,1009
Cleora,F,19,1010
Dallas,F,19,1011
Delsie,F,19,1012
Edra,F,19,1013
Elenor,F,19,1014
Elfrieda,F,19,1015
Elta,F,19,1016
Ettie,F,19,1017
Flo,F,19,1018
Hassie,F,19,1019
Isobel,F,19,1020
Leanna,F,19,1021
Lynette,F,19,1022
Macy,F,19,1023
Maryellen,F,19,1024
Maymie,F,19,1025
Osie,F,19,1026
Rosena,F,19,1027
Selina,F,19,1028
Tempie,F,19,1029
Tiny,F,19,1030
Abigail,F,18,1031
Alida,F,18,1032
Almeta,F,18,1033
Ammie,F,18,1034
Ardath,F,18,1035
Avie,F,18,1036
Bernita,F,18,1037
Clarabelle,F,18,1038
Daphne,F,18,1039
Elenore,F,18,1040
Elodie,F,18,1041
Fleta,F,18,1042
Gladis,F,18,1043
Gladyce,F,18,1044
Gretta,F,18,1045
Helyn,F,18,1046
Hessie,F,18,1047
Icy,F,18,1048
Inell,F,18,1049
Ingrid,F,18,1050
Jodie,F,18,1051
Jossie,F,18,1052
Katy,F,18,1053
Larue,F,18,1054
Leda,F,18,1055
Lelah,F,18,1056
Leo,F,18,1057
Madalyn,F,18,1058
Madelene,F,18,1059
Maebelle,F,18,1060
Nella,F,18,1061
Ozie,F,18,1062
Phebe,F,18,1063
Rafaela,F,18,1064
Rosalyn,F,18,1065
Roy,F,18,1066
Sheila,F,18,1067
Tilda,F,18,1068
Willetta,F,18,1069
Yvette,F,18,1070
Adline,F,17,1071
Alba,F,17,1072
Annamae,F,17,1073
Annice,F,17,1074
Assunta,F,17,1075
Aubrey,F,17,1076
Aune,F,17,1077
Carla,F,17,1078
Cleona,F,17,1079
Cleopatra,F,17,1080
Clorinda,F,17,1081
Colette,F,17,1082
Dorathy,F,17,1083
Eathel,F,17,1084
Elvia,F,17,1085
Fronie,F,17,1086
Gena,F,17,1087
Idelle,F,17,1088
Johnsie,F,17,1089
Lala,F,17,1090
Laurel,F,17,1091
Louis,F,17,1092
Luciel,F,17,1093
Luz,F,17,1094
Malissa,F,17,1095
Margurite,F,17,1096
Marybelle,F,17,1097
Mozella,F,17,1098
Natalia,F,17,1099
Orene,F,17,1100
Otelia,F,17,1101
Pollie,F,17,1102
Serena,F,17,1103
Stephania,F,17,1104
Theodosia,F,17,1105
Trudy,F,17,1106
Twila,F,17,1107
Venus,F,17,1108
Vita,F,17,1109
Vlasta,F,17,1110
Vola,F,17,1111
Zada,F,17,1112
Aleta,F,16,1113
Alverda,F,16,1114
Alverna,F,16,1115
Ardelia,F,16,1116
Ardis,F,16,1117
Arlie,F,16,1118
Arrie,F,16,1119
Atha,F,16,1120
Beatriz,F,16,1121
Bettye,F,16,1122
Capitola,F,16,1123
Catalina,F,16,1124
Christeen,F,16,1125
Clarine,F,16,1126
Cleda,F,16,1127
Clementina,F,16,1128
Creola,F,16,1129
Ebba,F,16,1130
Elizebeth,F,16,1131
Ether,F,16,1132
Evelina,F,16,1133
Fred,F,16,1134
Frona,F,16,1135
Gabrielle,F,16,1136
Gayle,F,16,1137
Illa,F,16,1138
Ivah,F,16,1139
Jayne,F,16,1140
Jesse,F,16,1141
Laurene,F,16,1142
Lavonne,F,16,1143
Leva,F,16,1144
Linnea,F,16,1145
Lolita,F,16,1146
Lollie,F,16,1147
Loyce,F,16,1148
Lurline,F,16,1149
Maebell,F,16,1150
Maida,F,16,1151
Margarite,F,16,1152
Margot,F,16,1153
Meda,F,16,1154
Meredith,F,16,1155
Mickey,F,16,1156
Missouri,F,16,1157
Nobie,F,16,1158
Noreen,F,16,1159
Odelia,F,16,1160
Paralee,F,16,1161
Silvia,F,16,1162
Terry,F,16,1163
Texie,F,16,1164
Valda,F,16,1165
Venita,F,16,1166
Verne,F,16,1167
Veta,F,16,1168
Wynona,F,16,1169
Zadie,F,16,1170
Argie,F,15,1171
Arletta,F,15,1172
Audry,F,15,1173
Bernyce,F,15,1174
Brownie,F,15,1175
Carlie,F,15,1176
Carry,F,15,1177
Chessie,F,15,1178
Clair,F,15,1179
Clarence,F,15,1180
Claribel,F,15,1181
Clotilda,F,15,1182
Corina,F,15,1183
Dean,F,15,1184
Dee,F,15,1185
Dicie,F,15,1186
Dimple,F,15,1187
Dinah,F,15,1188
Domenica,F,15,1189
Dominga,F,15,1190
Drusilla,F,15,1191
Edmonia,F,15,1192
Edrie,F,15,1193
Elba,F,15,1194
Elease,F,15,1195
Electa,F,15,1196
Evlyn,F,15,1197
Flavia,F,15,1198
Hazelle,F,15,1199
Helmi,F,15,1200
Hildreth,F,15,1201
Hildur,F,15,1202
Jamie,F,15,1203
Jeanie,F,15,1204
Jeffie,F,15,1205
Kathlyn,F,15,1206
Kittie,F,15,1207
Kizzie,F,15,1208
Leon,F,15,1209
Lilah,F,15,1210
Loretto,F,15,1211
Lovella,F,15,1212
Luberta,F,15,1213
Lutie,F,15,1214
Maisie,F,15,1215
Manda,F,15,1216
Mariam,F,15,1217
Maurice,F,15,1218
Olympia,F,15,1219
Oneita,F,15,1220
Otha,F,15,1221
Ozell,F,15,1222
Pasqualina,F,15,1223
Paul,F,15,1224
Rutha,F,15,1225
Samantha,F,15,1226
Sandra,F,15,1227
Simone,F,15,1228
Sylva,F,15,1229
Theda,F,15,1230
Ula,F,15,1231
Venice,F,15,1232
Vennie,F,15,1233
Versa,F,15,1234
Vertie,F,15,1235
Veva,F,15,1236
Virgia,F,15,1237
Vonda,F,15,1238
Wava,F,15,1239
Willard,F,15,1240
Albert,F,14,1241
Aldine,F,14,1242
Aleen,F,14,1243
Amber,F,14,1244
Arabella,F,14,1245
Ardith,F,14,1246
Ariel,F,14,1247
Arvella,F,14,1248
Azzie,F,14,1249
Blondell,F,14,1250
Carlotta,F,14,1251
Carroll,F,14,1252
Ceil,F,14,1253
Classie,F,14,1254
Clydie,F,14,1255
Dulcie,F,14,1256
Earlean,F,14,1257
Eather,F,14,1258
Eloisa,F,14,1259
Elzie,F,14,1260
Esperanza,F,14,1261
Evaline,F,14,1262
Florie,F,14,1263
Gaynell,F,14,1264
Gerda,F,14,1265
Hermine,F,14,1266
Laurie,F,14,1267
Leonia,F,14,1268
Leontine,F,14,1269
Lorina,F,14,1270
Luetta,F,14,1271
Madolyn,F,14,1272
Marylee,F,14,1273
Marylou,F,14,1274
Nanie,F,14,1275
Nila,F,14,1276
Ofelia,F,14,1277
Olene,F,14,1278
Parlee,F,14,1279
Patty,F,14,1280
Paulina,F,14,1281
Pecola,F,14,1282
Portia,F,14,1283
Rene,F,14,1284
Rheba,F,14,1285
Rochelle,F,14,1286
Roseanna,F,14,1287
Rossie,F,14,1288
Shellie,F,14,1289
Simona,F,14,1290
Sina,F,14,1291
Susana,F,14,1292
Trixie,F,14,1293
Vira,F,14,1294
Virgil,F,14,1295
Waneta,F,14,1296
Wilhelmine,F,14,1297
Willis,F,14,1298
Zetta,F,14,1299
Abby,F,13,1300
Aili,F,13,1301
Alexandra,F,13,1302
Allegra,F,13,1303
Altie,F,13,1304
Alvie,F,13,1305
Antionette,F,13,1306
Arthur,F,13,1307
Aurore,F,13,1308
Azalee,F,13,1309
Bee,F,13,1310
Buelah,F,13,1311
Buena,F,13,1312
Bula,F,13,1313
Carl,F,13,1314
Carlene,F,13,1315
Charline,F,13,1316
Cherry,F,13,1317
Chrystal,F,13,1318
Cinda,F,13,1319
Colleen,F,13,1320
Coy,F,13,1321
Cruz,F,13,1322
Daisey,F,13,1323
Dana,F,13,1324
Dominica,F,13,1325
Eugene,F,13,1326
Evelena,F,13,1327
Floris,F,13,1328
Floyd,F,13,1329
Garnette,F,13,1330
Gregoria,F,13,1331
Indiana,F,13,1332
Lacy,F,13,1333
Lassie,F,13,1334
Lavera,F,13,1335
Leaner,F,13,1336
Lempi,F,13,1337
Lillis,F,13,1338
Lissie,F,13,1339
Lorenza,F,13,1340
Lucienne,F,13,1341
Luevenia,F,13,1342
Lyla,F,13,1343
Madlyn,F,13,1344
Mafalda,F,13,1345
Margrett,F,13,1346
Maryanna,F,13,1347
Marye,F,13,1348
Mayola,F,13,1349
Merna,F,13,1350
Metta,F,13,1351
Mignon,F,13,1352
Mitzi,F,13,1353
Odelle,F,13,1354
Olinda,F,13,1355
Olla,F,13,1356
Oneida,F,13,1357
Refugia,F,13,1358
Rosabelle,F,13,1359
Roselyn,F,13,1360
Sabra,F,13,1361
Santos,F,13,1362
Theora,F,13,1363
Toby,F,13,1364
Trula,F,13,1365
Vadie,F,13,1366
Vela,F,13,1367
Vessie,F,13,1368
Vonnie,F,13,1369
Waunita,F,13,1370
Zita,F,13,1371
Agness,F,12,1372
Alethia,F,12,1373
Alexandria,F,12,1374
Allen,F,12,1375
Antonina,F,12,1376
Aretha,F,12,1377
Arlean,F,12,1378
Babe,F,12,1379
Bert,F,12,1380
Birtie,F,12,1381
Cara,F,12,1382
Carlota,F,12,1383
Catheryn,F,12,1384
Christie,F,12,1385
Clemence,F,12,1386
Cleone,F,12,1387
Coralee,F,12,1388
Dannie,F,12,1389
Docia,F,12,1390
Doshie,F,12,1391
Earl,F,12,1392
Ellamae,F,12,1393
Ellene,F,12,1394
Elnor,F,12,1395
Ernestina,F,12,1396
Ernie,F,12,1397
Ethyle,F,12,1398
Euphemia,F,12,1399
Ever,F,12,1400
Faustina,F,12,1401
Floretta,F,12,1402
Florinda,F,12,1403
Gemma,F,12,1404
Genoveva,F,12,1405
Glenn,F,12,1406
Harry,F,12,1407
Idamae,F,12,1408
Ilma,F,12,1409
Ingeborg,F,12,1410
Jeannetta,F,12,1411
Jennette,F,12,1412
Lannie,F,12,1413
Lara,F,12,1414
Launa,F,12,1415
Lossie,F,12,1416
Lyle,F,12,1417
Marquerite,F,12,1418
Marta,F,12,1419
Mercy,F,12,1420
Michelina,F,12,1421
Modena,F,12,1422
Nealie,F,12,1423
Nicolina,F,12,1424
Noma,F,12,1425
Odette,F,12,1426
Olivette,F,12,1427
Onnie,F,12,1428
Orena,F,12,1429
Rosaria,F,12,1430
Ruthe,F,12,1431
Saima,F,12,1432
Shizuko,F,12,1433
Sydney,F,12,1434
Thurley,F,12,1435
Trinidad,F,12,1436
Valera,F,12,1437
Velna,F,12,1438
Vernetta,F,12,1439
Vester,F,12,1440
Vicenta,F,12,1441
Vicie,F,12,1442
Victorine,F,12,1443
Vieno,F,12,1444
Virdie,F,12,1445
Walter,F,12,1446
Wanita,F,12,1447
Zela,F,12,1448
Zera,F,12,1449
Ader,F,11,1450
Aggie,F,11,1451
Agusta,F,11,1452
Albena,F,11,1453
Albertina,F,11,1454
Alleen,F,11,1455
Anniemae,F,11,1456
Arietta,F,11,1457
Arla,F,11,1458
Arnie,F,11,1459
Azilee,F,11,1460
Bea,F,11,1461
Bebe,F,11,1462
Bernie,F,11,1463
Birdella,F,11,1464
Blonnie,F,11,1465
Carra,F,11,1466
Christena,F,11,1467
Collie,F,11,1468
Concha,F,11,1469
Delcie,F,11,1470
Dola,F,11,1471
Doll,F,11,1472
Dorine,F,11,1473
Doshia,F,11,1474
Edward,F,11,1475
Eleonore,F,11,1476
Elia,F,11,1477
Elida,F,11,1478
Elmina,F,11,1479
Emaline,F,11,1480
Eola,F,11,1481
Ernest,F,11,1482
Estel,F,11,1483
Estela,F,11,1484
Ethlyn,F,11,1485
Evalena,F,11,1486
Felicitas,F,11,1487
Floye,F,11,1488
Gale,F,11,1489
Giovanna,F,11,1490
Harold,F,11,1491
Heloise,F,11,1492
Hollis,F,11,1493
Isadora,F,11,1494
Isla,F,11,1495
Izora,F,11,1496
Janis,F,11,1497
Julianna,F,11,1498
Karen,F,11,1499
Kathern,F,11,1500
Katheryne,F,11,1501
Lavenia,F,11,1502
Letty,F,11,1503
Lilie,F,11,1504
Loree,F,11,1505
Love,F,11,1506
Lurene,F,11,1507
Macel,F,11,1508
Madelon,F,11,1509
Magdaline,F,11,1510
Mahala,F,11,1511
Mandie,F,11,1512
Manie,F,11,1513
Marceline,F,11,1514
Marlene,F,11,1515
Marry,F,11,1516
Melvin,F,11,1517
Nena,F,11,1518
Oliva,F,11,1519
Omega,F,11,1520
Oralee,F,11,1521
Paulene,F,11,1522
Peggie,F,11,1523
Pennie,F,11,1524
Princess,F,11,1525
Reather,F,11,1526
Richard,F,11,1527
Rina,F,11,1528
Roena,F,11,1529
Romayne,F,11,1530
Sena,F,11,1531
Sophronia,F,11,1532
Stasia,F,11,1533
Tess,F,11,1534
Thecla,F,11,1535
Theresia,F,11,1536
Thyra,F,11,1537
Valentine,F,11,1538
Vashti,F,11,1539
Vassie,F,11,1540
Verba,F,11,1541
Vona,F,11,1542
Zell,F,11,1543
Zilpha,F,11,1544
Adda,F,10,1545
Algie,F,10,1546
Alvis,F,10,1547
Anice,F,10,1548
Anner,F,10,1549
Antonetta,F,10,1550
Apolonia,F,10,1551
Arbutus,F,10,1552
Beula,F,10,1553
Billy,F,10,1554
Bobby,F,10,1555
Carole,F,10,1556
Celestia,F,10,1557
Celie,F,10,1558
Channie,F,10,1559
Christene,F,10,1560
Clotilde,F,10,1561
Coletta,F,10,1562
Curtis,F,10,1563
Dagny,F,10,1564
Darline,F,10,1565
Dennie,F,10,1566
Donie,F,10,1567
Dorathea,F,10,1568
Doreatha,F,10,1569
Dorthea,F,10,1570
Eartha,F,10,1571
Edris,F,10,1572
Eleonora,F,10,1573
Elfreda,F,10,1574
Ellar,F,10,1575
Elzora,F,10,1576
Emmy,F,10,1577
Etter,F,10,1578
Evia,F,10,1579
Floria,F,10,1580
Forest,F,10,1581
Genie,F,10,1582
Glendora,F,10,1583
Grethel,F,10,1584
Helma,F,10,1585
Henritta,F,10,1586
Herbert,F,10,1587
Herlinda,F,10,1588
Hollie,F,10,1589
Imo,F,10,1590
Isa,F,10,1591
Italia,F,10,1592
Jack,F,10,1593
Johnny,F,10,1594
Jule,F,10,1595
Katharyn,F,10,1596
Lady,F,10,1597
Lavena,F,10,1598
Lavonia,F,10,1599
Lawrence,F,10,1600
Ledora,F,10,1601
Leita,F,10,1602
Lella,F,10,1603
Leoma,F,10,1604
Lewis,F,10,1605
Lloyd,F,10,1606
Lorean,F,10,1607
Loreta,F,10,1608
Lourine,F,10,1609
Loy,F,10,1610
Lubertha,F,10,1611
Lular,F,10,1612
Lydie,F,10,1613
Majorie,F,10,1614
Maryjane,F,10,1615
Matilde,F,10,1616
Mattye,F,10,1617
Medora,F,10,1618
Mettie,F,10,1619
Neola,F,10,1620
Noella,F,10,1621
Nonnie,F,10,1622
Oletha,F,10,1623
Orelia,F,10,1624
Orma,F,10,1625
Ottilie,F,10,1626
Ovie,F,10,1627
Pairlee,F,10,1628
Piccola,F,10,1629
Pilar,F,10,1630
Pluma,F,10,1631
Rada,F,10,1632
Raye,F,10,1633
Robena,F,10,1634
Rona,F,10,1635
Rosita,F,10,1636
Salome,F,10,1637
Savilla,F,10,1638
Sedonia,F,10,1639
Sonya,F,10,1640
Stacia,F,10,1641
Sussie,F,10,1642
Thalia,F,10,1643
Thea,F,10,1644
Theodore,F,10,1645
Tracy,F,10,1646
Valeda,F,10,1647
Velia,F,10,1648
Verle,F,10,1649
Verma,F,10,1650
Vincent,F,10,1651
Wanetta,F,10,1652
Wilmer,F,10,1653
Wylma,F,10,1654
Yola,F,10,1655
Adelene,F,9,1656
Adelyn,F,9,1657
Adriana,F,9,1658
Aimee,F,9,1659
Aldona,F,9,1660
Aleene,F,9,1661
Alla,F,9,1662
Allison,F,9,1663
Alvia,F,9,1664
Amey,F,9,1665
Anabel,F,9,1666
Angelica,F,9,1667
Aretta,F,9,1668
Arlee,F,9,1669
Artelia,F,9,1670
Ary,F,9,1671
Australia,F,9,1672
Bernard,F,9,1673
Bernetta,F,9,1674
Bettina,F,9,1675
Blossom,F,9,1676
Brenda,F,9,1677
Byrdie,F,9,1678
Calista,F,9,1679
Calla,F,9,1680
Carline,F,9,1681
Caryl,F,9,1682
Catarina,F,9,1683
Cathern,F,9,1684
Celina,F,9,1685
Chester,F,9,1686
Courtney,F,9,1687
David,F,9,1688
Delila,F,9,1689
Dicy,F,9,1690
Doreen,F,9,1691
Echo,F,9,1692
Eller,F,9,1693
Erin,F,9,1694
Ermina,F,9,1695
Ersie,F,9,1696
Felipa,F,9,1697
Florette,F,9,1698
Floyce,F,9,1699
Foy,F,9,1700
Fredericka,F,9,1701
Gatha,F,9,1702
Gaynelle,F,9,1703
Genevia,F,9,1704
Georgetta,F,9,1705
Gizella,F,9,1706
Gladies,F,9,1707
Gudrun,F,9,1708
Gusta,F,9,1709
Hatsuko,F,9,1710
Holly,F,9,1711
Honora,F,9,1712
Huldah,F,9,1713
Ilda,F,9,1714
Izella,F,9,1715
Kathaleen,F,9,1716
Laila,F,9,1717
Lana,F,9,1718
Lanie,F,9,1719
Laurena,F,9,1720
Lavaughn,F,9,1721
Lear,F,9,1722
Lema,F,9,1723
Leocadia,F,9,1724
Leoda,F,9,1725
Lethia,F,9,1726
Levie,F,9,1727
Lillia,F,9,1728
Lisa,F,9,1729
Lota,F,9,1730
Loucille,F,9,1731
Lovell,F,9,1732
Lovenia,F,9,1733
Lu,F,9,1734
Lurlene,F,9,1735
Madgie,F,9,1736
Mannie,F,9,1737
Maree,F,9,1738
Margherita,F,9,1739
Margretta,F,9,1740
Melanie,F,9,1741
Melda,F,9,1742
Melita,F,9,1743
Mimi,F,9,1744
Montine,F,9,1745
Moselle,F,9,1746
Neda,F,9,1747
Nezzie,F,9,1748
Nicoletta,F,9,1749
Nonie,F,9,1750
Norah,F,9,1751
Odeal,F,9,1752
Odella,F,9,1753
Odessie,F,9,1754
Oneda,F,9,1755
Ophia,F,9,1756
Oretha,F,9,1757
Orlean,F,9,1758
Otis,F,9,1759
Ozelle,F,9,1760
Parthenia,F,9,1761
Pearlean,F,9,1762
Pearly,F,9,1763
Phillis,F,9,1764
Philomene,F,9,1765
Phylis,F,9,1766
Precious,F,9,1767
Raffaela,F,9,1768
Rebekah,F,9,1769
Rella,F,9,1770
Renata,F,9,1771
Roselle,F,9,1772
Russell,F,9,1773
Sidonia,F,9,1774
Smithie,F,9,1775
Stanislawa,F,9,1776
Taimi,F,9,1777
Tennessee,F,9,1778
Toni,F,9,1779
Valma,F,9,1780
Vannie,F,9,1781
Velta,F,9,1782
Veneta,F,9,1783
Verta,F,9,1784
Vila,F,9,1785
Villa,F,9,1786
Vinita,F,9,1787
Wauneta,F,9,1788
Weltha,F,9,1789
Wilna,F,9,1790
Zara,F,9,1791
Adel,F,8,1792
Ailene,F,8,1793
Albirta,F,8,1794
Alean,F,8,1795
Alease,F,8,1796
Alfhild,F,8,1797
Alsie,F,8,1798
Antoniette,F,8,1799
Ardie,F,8,1800
Arilla,F,8,1801
Armella,F,8,1802
Augustina,F,8,1803
Axie,F,8,1804
Ayako,F,8,1805
Beadie,F,8,1806
Belinda,F,8,1807
Bernarda,F,8,1808
Biddie,F,8,1809
Cammie,F,8,1810
Candida,F,8,1811
Carmon,F,8,1812
Ceclia,F,8,1813
Clarabel,F,8,1814
Climmie,F,8,1815
Cloe,F,8,1816
Conception,F,8,1817
Corena,F,8,1818
Cuba,F,8,1819
Dawn,F,8,1820
Dellar,F,8,1821
Dellie,F,8,1822
Delora,F,8,1823
Dema,F,8,1824
Dillie,F,8,1825
Domitila,F,8,1826
Doretta,F,8,1827
Dorothe,F,8,1828
Dossie,F,8,1829
Eara,F,8,1830
Eldred,F,8,1831
Elmo,F,8,1832
Elois,F,8,1833
Eltha,F,8,1834
Emelda,F,8,1835
Ennis,F,8,1836
Enriqueta,F,8,1837
Erla,F,8,1838
Erlene,F,8,1839
Ersel,F,8,1840
Eulalie,F,8,1841
Evalene,F,8,1842
Ezell,F,8,1843
Fawn,F,8,1844
Fonnie,F,8,1845
Francesca,F,8,1846
Fronia,F,8,1847
Garland,F,8,1848
Genevie,F,8,1849
Georgeanna,F,8,1850
Georgene,F,8,1851
Girtha,F,8,1852
Girtrude,F,8,1853
Gustavia,F,8,1854
Herma,F,8,1855
Hila,F,8,1856
Ilah,F,8,1857
Ilo,F,8,1858
Inis,F,8,1859
Jan,F,8,1860
Janina,F,8,1861
Jeanetta,F,8,1862
Jennett,F,8,1863
Jetta,F,8,1864
Jim,F,8,1865
Juel,F,8,1866
Lahoma,F,8,1867
Laveta,F,8,1868
Leafy,F,8,1869
Leara,F,8,1870
Leatrice,F,8,1871
Leonarda,F,8,1872
Leonie,F,8,1873
Lesta,F,8,1874
Levada,F,8,1875
Lita,F,8,1876
Littie,F,8,1877
Loa,F,8,1878
Loney,F,8,1879
Lotus,F,8,1880
Louetta,F,8,1881
Luise,F,8,1882
Luverne,F,8,1883
Maddie,F,8,1884
Mahalia,F,8,1885
Mara,F,8,1886
Mardell,F,8,1887
Marget,F,8,1888
Margo,F,8,1889
Marine,F,8,1890
Marrie,F,8,1891
Marsha,F,8,1892
Martin,F,8,1893
Marvin,F,8,1894
Maryetta,F,8,1895
Marylouise,F,8,1896
Maryon,F,8,1897
Masako,F,8,1898
Mazzie,F,8,1899
Mearl,F,8,1900
Meryl,F,8,1901
Misao,F,8,1902
Modesta,F,8,1903
Morine,F,8,1904
Morris,F,8,1905
Nana,F,8,1906
Nelia,F,8,1907
Nicie,F,8,1908
Ninfa,F,8,1909
Noble,F,8,1910
Novie,F,8,1911
Obie,F,8,1912
Odetta,F,8,1913
Okie,F,8,1914
Olean,F,8,1915
Oral,F,8,1916
Orva,F,8,1917
Othella,F,8,1918
Otilia,F,8,1919
Pamela,F,8,1920
Paulyne,F,8,1921
Pearlee,F,8,1922
Pearlene,F,8,1923
Perlie,F,8,1924
Persis,F,8,1925
Pocahontas,F,8,1926
Pricilla,F,8,1927
Raquel,F,8,1928
Raymond,F,8,1929
Rosana,F,8,1930
Roselee,F,8,1931
Rozelle,F,8,1932
Rufina,F,8,1933
Saddie,F,8,1934
Shizue,F,8,1935
Stacy,F,8,1936
Stephany,F,8,1937
Sydelle,F,8,1938
Tabitha,F,8,1939
Teddy,F,8,1940
Teressa,F,8,1941
Theressa,F,8,1942
Troy,F,8,1943
Valborg,F,8,1944
Valentina,F,8,1945
Vanda,F,8,1946
Vernia,F,8,1947
Vienna,F,8,1948
Vincenzina,F,8,1949
Violetta,F,8,1950
Virgina,F,8,1951
Wenonah,F,8,1952
Wilhelmenia,F,8,1953
Wilhemina,F,8,1954
Yetive,F,8,1955
Adabelle,F,7,1956
Adelyne,F,7,1957
Adrian,F,7,1958
Aleda,F,7,1959
Alena,F,7,1960
Alethea,F,7,1961
Alvenia,F,7,1962
Alvine,F,7,1963
Anette,F,7,1964
Angele,F,7,1965
Anniebell,F,7,1966
Anthony,F,7,1967
Arlyne,F,7,1968
Arnetta,F,7,1969
Arthelia,F,7,1970
Aslee,F,7,1971
Audria,F,7,1972
Audrie,F,7,1973
Babette,F,7,1974
Balbina,F,7,1975
Bama,F,7,1976
Barbra,F,7,1977
Beckie,F,7,1978
Becky,F,7,1979
Belma,F,7,1980
Ben,F,7,1981
Bernece,F,7,1982
Berneda,F,7,1983
Berneta,F,7,1984
Berthe,F,7,1985
Bertice,F,7,1986
Beryle,F,7,1987
Beuna,F,7,1988
Bina,F,7,1989
Bobbye,F,7,1990
Brigida,F,7,1991
Caldonia,F,7,1992
Carie,F,7,1993
Carma,F,7,1994
Celesta,F,7,1995
Charlsie,F,7,1996
Christen,F,7,1997
Cinderella,F,7,1998
Claretta,F,7,1999
Claris,F,7,2000
Clella,F,7,2001
Clemie,F,7,2002
Cletis,F,7,2003
Cloteal,F,7,2004
Clover,F,7,2005
Columbia,F,7,2006
Congetta,F,7,2007
Coralie,F,7,2008
Corda,F,7,2009
Correne,F,7,2010
Dahlia,F,7,2011
Dallie,F,7,2012
Dasie,F,7,2013
Davie,F,7,2014
Debbie,F,7,2015
Dela,F,7,2016
Dellia,F,7,2017
Doloris,F,7,2018
Dove,F,7,2019
Eithel,F,7,2020
Ela,F,7,2021
Elen,F,7,2022
Elgie,F,7,2023
Ellis,F,7,2024
Ellyn,F,7,2025
Elon,F,7,2026
Elvena,F,7,2027
Emelie,F,7,2028
Enes,F,7,2029
Ethelene,F,7,2030
Etna,F,7,2031
Eulala,F,7,2032
Eulogia,F,7,2033
Eusebia,F,7,2034
Evah,F,7,2035
Evelynne,F,7,2036
Everlena,F,7,2037
Famie,F,7,2038
Faustine,F,7,2039
Fidelia,F,7,2040
Fleda,F,7,2041
Fleeta,F,7,2042
Florentina,F,7,2043
Francies,F,7,2044
Francine,F,7,2045
Fredia,F,7,2046
Gearldine,F,7,2047
Geneieve,F,7,2048
Georganna,F,7,2049
Gertude,F,7,2050
Gerturde,F,7,2051
Gillie,F,7,2052
Girtie,F,7,2053
Gola,F,7,2054
Gradie,F,7,2055
Gwendolen,F,7,2056
Haruko,F,7,2057
Hasel,F,7,2058
Hilaria,F,7,2059
Hugh,F,7,2060
Idabelle,F,7,2061
Ignacia,F,7,2062
Ioma,F,7,2063
Irena,F,7,2064
Ivey,F,7,2065
Jacoba,F,7,2066
Janett,F,7,2067
Jeannie,F,7,2068
Jerusha,F,7,2069
Jessamine,F,7,2070
Jinnie,F,7,2071
Josiephine,F,7,2072
Jovita,F,7,2073
Julian,F,7,2074
Katherina,F,7,2075
Kathyrn,F,7,2076
Lalla,F,7,2077
Lallah,F,7,2078
Lattie,F,7,2079
Laurence,F,7,2080
Leana,F,7,2081
Leanora,F,7,2082
Lester,F,7,2083
Lestie,F,7,2084
Librada,F,7,2085
Lillar,F,7,2086
Lillion,F,7,2087
Lisbeth,F,7,2088
Lockie,F,7,2089
Lorain,F,7,2090
Lotta,F,7,2091
Lova,F,7,2092
Lovetta,F,7,2093
Lovina,F,7,2094
Lucill,F,7,2095
Lucilla,F,7,2096
Lyna,F,7,2097
Mada,F,7,2098
Madalene,F,7,2099
Maedell,F,7,2100
Maidie,F,7,2101
Malissie,F,7,2102
Margaretha,F,7,2103
Mariana,F,7,2104
Martie,F,7,2105
Martine,F,7,2106
Massie,F,7,2107
Maudell,F,7,2108
Maydell,F,7,2109
Mayetta,F,7,2110
Melia,F,7,2111
Melina,F,7,2112
Mennie,F,7,2113
Mertice,F,7,2114
Micaela,F,7,2115
Michael,F,7,2116
Michalina,F,7,2117
Minie,F,7,2118
Minta,F,7,2119
Modest,F,7,2120
Monie,F,7,2121
Montie,F,7,2122
Mora,F,7,2123
Murrel,F,7,2124
Myldred,F,7,2125
Myrta,F,7,2126
Nanna,F,7,2127
Narcissus,F,7,2128
Nelva,F,7,2129
Neomi,F,7,2130
Netta,F,7,2131
Nollie,F,7,2132
Okla,F,7,2133
Olar,F,7,2134
Oleva,F,7,2135
Onita,F,7,2136
Oris,F,7,2137
Orrie,F,7,2138
Ortha,F,7,2139
Osa,F,7,2140
Pallie,F,7,2141
Para,F,7,2142
Patience,F,7,2143
Pecolia,F,7,2144
Penelope,F,7,2145
Perina,F,7,2146
Phyliss,F,7,2147
Providence,F,7,2148
Racheal,F,7,2149
Raffaella,F,7,2150
Ragna,F,7,2151
Ralph,F,7,2152
Rea,F,7,2153
Reita,F,7,2154
Rema,F,7,2155
Romana,F,7,2156
Rosario,F,7,2157
Roseann,F,7,2158
Rosemond,F,7,2159
Roxanna,F,7,2160
Rubena,F,7,2161
Sada,F,7,2162
Salina,F,7,2163
San,F,7,2164
Shigeko,F,7,2165
Stefania,F,7,2166
Stellar,F,7,2167
Suzanna,F,7,2168
Svea,F,7,2169
Talitha,F,7,2170
Thersa,F,7,2171
Thomasina,F,7,2172
Thresa,F,7,2173
Thressa,F,7,2174
Tinnie,F,7,2175
Toy,F,7,2176
Trina,F,7,2177
Ura,F,7,2178
Vara,F,7,2179
Veora,F,7,2180
Vern,F,7,2181
Vernita,F,7,2182
Vernon,F,7,2183
Vineta,F,7,2184
Viney,F,7,2185
Vivia,F,7,2186
Willo,F,7,2187
Wyona,F,7,2188
Yolande,F,7,2189
Zeffie,F,7,2190
Adelaida,F,6,2191
Adria,F,6,2192
Agueda,F,6,2193
Albirtha,F,6,2194
Alejandra,F,6,2195
Aliene,F,6,2196
Alise,F,6,2197
Allyne,F,6,2198
Almena,F,6,2199
Almer,F,6,2200
Alys,F,6,2201
Alzora,F,6,2202
Amparo,F,6,2203
Andrew,F,6,2204
Annamarie,F,6,2205
Annamay,F,6,2206
Anona,F,6,2207
Antha,F,6,2208
Arah,F,6,2209
Archie,F,6,2210
Ardena,F,6,2211
Arleta,F,6,2212
Arletha,F,6,2213
Arley,F,6,2214
Arminta,F,6,2215
Arnita,F,6,2216
Arvie,F,6,2217
Arzella,F,6,2218
Audree,F,6,2219
Aura,F,6,2220
Avanell,F,6,2221
Avanelle,F,6,2222
Avo,F,6,2223
Azalea,F,6,2224
Azlee,F,6,2225
Beatrix,F,6,2226
Bera,F,6,2227
Billye,F,6,2228
Blondina,F,6,2229
Blossie,F,6,2230
Bruna,F,6,2231
Camella,F,6,2232
Candis,F,6,2233
Carlee,F,6,2234
Carmie,F,6,2235
Carola,F,6,2236
Carrol,F,6,2237
Caterina,F,6,2238
Cathryne,F,6,2239
Celestina,F,6,2240
Charlcie,F,6,2241
Charleen,F,6,2242
Chiyoko,F,6,2243
Clarinda,F,6,2244
Clarise,F,6,2245
Clarisse,F,6,2246
Claude,F,6,2247
Clemencia,F,6,2248
Clemma,F,6,2249
Cleola,F,6,2250
Cliffie,F,6,2251
Clio,F,6,2252
Collette,F,6,2253
Corinthia,F,6,2254
Cornelius,F,6,2255
Corrinne,F,6,2256
Cozette,F,6,2257
Cozy,F,6,2258
Cressie,F,6,2259
Curlie,F,6,2260
Delight,F,6,2261
Desiree,F,6,2262
Dessa,F,6,2263
Dianne,F,6,2264
Dorthey,F,6,2265
Dosha,F,6,2266
Dotty,F,6,2267
Doxie,F,6,2268
Drucie,F,6,2269
Earnie,F,6,2270
Edwin,F,6,2271
Elene,F,6,2272
Elin,F,6,2273
Elitha,F,6,2274
Elmyra,F,6,2275
Elza,F,6,2276
Ema,F,6,2277
Emerald,F,6,2278
Erminia,F,6,2279
Ersa,F,6,2280
Estefana,F,6,2281
Eudell,F,6,2282
Eufemia,F,6,2283
Euline,F,6,2284
Euva,F,6,2285
Evalyne,F,6,2286
Evangelina,F,6,2287
Fannye,F,6,2288
Feliciana,F,6,2289
Fernande,F,6,2290
Florina,F,6,2291
Fola,F,6,2292
France,F,6,2293
Frederick,F,6,2294
Fredonia,F,6,2295
Fumi,F,6,2296
Gaetana,F,6,2297
Gaither,F,6,2298
Garnetta,F,6,2299
Geneve,F,6,2300
Georgena,F,6,2301
Georgine,F,6,2302
Gilbert,F,6,2303
Gina,F,6,2304
Girlie,F,6,2305
Giuseppina,F,6,2306
Glady,F,6,2307
Glee,F,6,2308
Goldye,F,6,2309
Gracia,F,6,2310
Grazia,F,6,2311
Gypsy,F,6,2312
Hermione,F,6,2313
Howard,F,6,2314
Hyacinth,F,6,2315
Iantha,F,6,2316
Idalia,F,6,2317
Ireta,F,6,2318
Irmgard,F,6,2319
Isadore,F,6,2320
Janey,F,6,2321
Jennetta,F,6,2322
Jessye,F,6,2323
Jesus,F,6,2324
Jesusa,F,6,2325
Joella,F,6,2326
Joesphine,F,6,2327
Johnnye,F,6,2328
Josepha,F,6,2329
Joye,F,6,2330
Kansas,F,6,2331
Katrina,F,6,2332
Kaye,F,6,2333
Lacie,F,6,2334
Laina,F,6,2335
Lavona,F,6,2336
Lealer,F,6,2337
Leeanna,F,6,2338
Lemmie,F,6,2339
Lenice,F,6,2340
Lennis,F,6,2341
Leolia,F,6,2342
Lethea,F,6,2343
Levonia,F,6,2344
Lillias,F,6,2345
Llewellyn,F,6,2346
Loda,F,6,2347
Loie,F,6,2348
Loleta,F,6,2349
Lorayne,F,6,2350
Lorette,F,6,2351
Lorretta,F,6,2352
Louanna,F,6,2353
Loucile,F,6,2354
Lovey,F,6,2355
Lucelia,F,6,2356
Lucyle,F,6,2357
Luda,F,6,2358
Ludmilla,F,6,2359
Lunette,F,6,2360
Luther,F,6,2361
Lynne,F,6,2362
Madelaine,F,6,2363
Madline,F,6,2364
Maeola,F,6,2365
Mai,F,6,2366
Malissia,F,6,2367
Maple,F,6,2368
Marcie,F,6,2369
Marcile,F,6,2370
Margareta,F,6,2371
Margarie,F,6,2372
Margarit,F,6,2373
Margart,F,6,2374
Margrette,F,6,2375
Maryan,F,6,2376
Maryella,F,6,2377
Maudine,F,6,2378
Melvinia,F,6,2379
Merlie,F,6,2380
Merry,F,6,2381
Mertis,F,6,2382
Milda,F,6,2383
Minda,F,6,2384
Mirtie,F,6,2385
Missie,F,6,2386
Mrytle,F,6,2387
Nadene,F,6,2388
Naomia,F,6,2389
Neomia,F,6,2390
Nessie,F,6,2391
Nicolasa,F,6,2392
Noel,F,6,2393
Nolia,F,6,2394
Odesser,F,6,2395
Oleda,F,6,2396
Onalee,F,6,2397
Oneta,F,6,2398
Opha,F,6,2399
Otie,F,6,2400
Otillia,F,6,2401
Ottis,F,6,2402
Palmira,F,6,2403
Palmyra,F,6,2404
Parilee,F,6,2405
Patsey,F,6,2406
Petronella,F,6,2407
Pheobe,F,6,2408
Pola,F,6,2409
Precilla,F,6,2410
Radie,F,6,2411
Rayma,F,6,2412
Rener,F,6,2413
Rheta,F,6,2414
Rilda,F,6,2415
Robina,F,6,2416
Rosebud,F,6,2417
Rosine,F,6,2418
Rotha,F,6,2419
Rushie,F,6,2420
Sallye,F,6,2421
Sam,F,6,2422
Samella,F,6,2423
Sebastiana,F,6,2424
Senora,F,6,2425
Signa,F,6,2426
Silva,F,6,2427
Simonne,F,6,2428
Sissie,F,6,2429
Solveig,F,6,2430
Stanley,F,6,2431
Stefanie,F,6,2432
Sular,F,6,2433
Sylvester,F,6,2434
Thais,F,6,2435
Thalma,F,6,2436
Tiney,F,6,2437
Tola,F,6,2438
Tula,F,6,2439
Tyne,F,6,2440
Valta,F,6,2441
Venie,F,6,2442
Venna,F,6,2443
Verdell,F,6,2444
Verena,F,6,2445
Verneal,F,6,2446
Vernelle,F,6,2447
Vianna,F,6,2448
Vickie,F,6,2449
Vinie,F,6,2450
Vivan,F,6,2451
Walda,F,6,2452
Wayne,F,6,2453
Wenona,F,6,2454
Willye,F,6,2455
Woodie,F,6,2456
Ysabel,F,6,2457
Zelia,F,6,2458
Zeola,F,6,2459
Zeta,F,6,2460
Zoa,F,6,2461
Zoila,F,6,2462
Adalene,F,5,2463
Addis,F,5,2464
Adia,F,5,2465
Adie,F,5,2466
Adra,F,5,2467
Aileene,F,5,2468
Aino,F,5,2469
Ala,F,5,2470
Alberdia,F,5,2471
Albirdia,F,5,2472
Alcie,F,5,2473
Aldina,F,5,2474
Alexina,F,5,2475
Alfred,F,5,2476
Alfrieda,F,5,2477
Almedia,F,5,2478
Alto,F,5,2479
Alvin,F,5,2480
Alwilda,F,5,2481
Alyne,F,5,2482
Alyse,F,5,2483
Alzada,F,5,2484
Ama,F,5,2485
Amada,F,5,2486
Anastacia,F,5,2487
Angelena,F,5,2488
Angelle,F,5,2489
Annalee,F,5,2490
Annia,F,5,2491
Annielee,F,5,2492
Antonietta,F,5,2493
Arlevia,F,5,2494
Arlis,F,5,2495
Armenia,F,5,2496
Armetta,F,5,2497
Armida,F,5,2498
Arnettie,F,5,2499
Artemisa,F,5,2500
Asako,F,5,2501
Audre,F,5,2502
Aurie,F,5,2503
Autumn,F,5,2504
Avalee,F,5,2505
Averil,F,5,2506
Azalia,F,5,2507
Benedetta,F,5,2508
Berdena,F,5,2509
Bernardina,F,5,2510
Bertina,F,5,2511
Bill,F,5,2512
Birda,F,5,2513
Borghild,F,5,2514
Bruce,F,5,2515
Burma,F,5,2516
Canary,F,5,2517
Candace,F,5,2518
Candelaria,F,5,2519
Candie,F,5,2520
Cannie,F,5,2521
Captola,F,5,2522
Caro,F,5,2523
Carolyne,F,5,2524
Casimira,F,5,2525
Catherina,F,5,2526
Cecille,F,5,2527
Cecily,F,5,2528
Chaney,F,5,2529
Chanie,F,5,2530
Charlottie,F,5,2531
Cherrie,F,5,2532
Christabel,F,5,2533
Christell,F,5,2534
Christian,F,5,2535
Cindy,F,5,2536
Clarisa,F,5,2537
Clarsie,F,5,2538
Clem,F,5,2539
Cleon,F,5,2540
Cletus,F,5,2541
Cleva,F,5,2542
Clifton,F,5,2543
Cloma,F,5,2544
Clorie,F,5,2545
Clyda,F,5,2546
Clydia,F,5,2547
Colene,F,5,2548
Conchetta,F,5,2549
Conchita,F,5,2550
Corabel,F,5,2551
Corabelle,F,5,2552
Creta,F,5,2553
Cristina,F,5,2554
Cyrilla,F,5,2555
Dagney,F,5,2556
Dara,F,5,2557
Darthula,F,5,2558
Dealva,F,5,2559
Decie,F,5,2560
Delena,F,5,2561
Denise,F,5,2562
Dera,F,5,2563
Deva,F,5,2564
Dezzie,F,5,2565
Dollye,F,5,2566
Dorothee,F,5,2567
Earle,F,5,2568
Earleen,F,5,2569
Earlie,F,5,2570
Earsie,F,5,2571
Ebbie,F,5,2572
Edla,F,5,2573
Eileene,F,5,2574
Eilene,F,5,2575
Elcie,F,5,2576
Eleaner,F,5,2577
Elisebeth,F,5,2578
Elizbeth,F,5,2579
Ellena,F,5,2580
Ellenora,F,5,2581
Elmire,F,5,2582
Elnoria,F,5,2583
Elsye,F,5,2584
Elverda,F,5,2585
Elvin,F,5,2586
Elzina,F,5,2587
Emmeline,F,5,2588
Encarnacion,F,5,2589
Eria,F,5,2590
Erlinda,F,5,2591
Ermal,F,5,2592
Esma,F,5,2593
Esmeralda,F,5,2594
Estie,F,5,2595
Ethelda,F,5,2596
Etheline,F,5,2597
Ethelyne,F,5,2598
Eular,F,5,2599
Evadna,F,5,2600
Eveleen,F,5,2601
Everlina,F,5,2602
Everlyn,F,5,2603
Evonne,F,5,2604
Evva,F,5,2605
Exa,F,5,2606
Ezella,F,5,2607
Fabiola,F,5,2608
Fanchon,F,5,2609
Farrie,F,5,2610
Ferol,F,5,2611
Fidelis,F,5,2612
Flore,F,5,2613
Florentine,F,5,2614
Florice,F,5,2615
Frenchie,F,5,2616
Gabriella,F,5,2617
Gaye,F,5,2618
Gaynel,F,5,2619
Genette,F,5,2620
Genevive,F,5,2621
Genevra,F,5,2622
Gerdie,F,5,2623
Gertrue,F,5,2624
Gervaise,F,5,2625
Gilberta,F,5,2626
Giovannina,F,5,2627
Glen,F,5,2628
Glena,F,5,2629
Glenola,F,5,2630
Glenys,F,5,2631
Glessie,F,5,2632
Goldy,F,5,2633
Gracy,F,5,2634
Grady,F,5,2635
Gunhild,F,5,2636
Hannie,F,5,2637
Hanora,F,5,2638
Harrietta,F,5,2639
Hatty,F,5,2640
Henryetta,F,5,2641
Hetty,F,5,2642
Hortencia,F,5,2643
Icel,F,5,2644
Icey,F,5,2645
Idelia,F,5,2646
Idora,F,5,2647
Iler,F,5,2648
Ilona,F,5,2649
Inger,F,5,2650
Ionia,F,5,2651
Irean,F,5,2652
Irja,F,5,2653
Isidra,F,5,2654
Isola,F,5,2655
Ivis,F,5,2656
Jacob,F,5,2657
Jacquelyn,F,5,2658
Jay,F,5,2659
Jeanett,F,5,2660
Jemima,F,5,2661
Jess,F,5,2662
Jimmy,F,5,2663
Jocelyn,F,5,2664
Joeanna,F,5,2665
Josefita,F,5,2666
Josephene,F,5,2667
Junia,F,5,2668
Kelly,F,5,2669
Lallie,F,5,2670
Lamar,F,5,2671
Lamoine,F,5,2672
Laurina,F,5,2673
Lavaun,F,5,2674
Lavella,F,5,2675
Lavelle,F,5,2676
Leanor,F,5,2677
Lelar,F,5,2678
Lener,F,5,2679
Lenner,F,5,2680
Leonard,F,5,2681
Lether,F,5,2682
Libera,F,5,2683
Lilliam,F,5,2684
Lilliebell,F,5,2685
Linea,F,5,2686
Linnell,F,5,2687
Livia,F,5,2688
Lomie,F,5,2689
Lorana,F,5,2690
Louisiana,F,5,2691
Lounette,F,5,2692
Lourene,F,5,2693
Louretta,F,5,2694
Louvina,F,5,2695
Louvinia,F,5,2696
Luana,F,5,2697
Lucindia,F,5,2698
Luellar,F,5,2699
Luretta,F,5,2700
Lurlean,F,5,2701
Luvina,F,5,2702
Lynda,F,5,2703
Macil,F,5,2704
Macon,F,5,2705
Madalena,F,5,2706
Madelyne,F,5,2707
Madora,F,5,2708
Maie,F,5,2709
Maizie,F,5,2710
Marcelina,F,5,2711
Maretta,F,5,2712
Margareth,F,5,2713
Margy,F,5,2714
Mariane,F,5,2715
Marilda,F,5,2716
Marilla,F,5,2717
Marina,F,5,2718
Marita,F,5,2719
Marvella,F,5,2720
Maryalice,F,5,2721
Maryelizabeth,F,5,2722
Matie,F,5,2723
Matthew,F,5,2724
Mayo,F,5,2725
Mayre,F,5,2726
Mazelle,F,5,2727
Melinda,F,5,2728
Mella,F,5,2729
Melster,F,5,2730
Merie,F,5,2731
Meryle,F,5,2732
Michela,F,5,2733
Miley,F,5,2734
Milly,F,5,2735
Minnette,F,5,2736
Minola,F,5,2737
Mintie,F,5,2738
Mira,F,5,2739
Mirian,F,5,2740
Mitsuko,F,5,2741
Mollye,F,5,2742
Morene,F,5,2743
Murl,F,5,2744
Murray,F,5,2745
Murriel,F,5,2746
Myrla,F,5,2747
Nada,F,5,2748
Nadean,F,5,2749
Nadia,F,5,2750
Nadie,F,5,2751
Naida,F,5,2752
Nattie,F,5,2753
Nebraska,F,5,2754
Necie,F,5,2755
Neita,F,5,2756
Nelma,F,5,2757
Nilda,F,5,2758
Nolan,F,5,2759
Nolie,F,5,2760
Norva,F,5,2761
Obera,F,5,2762
Ocea,F,5,2763
Odile,F,5,2764
Odis,F,5,2765
Olena,F,5,2766
Oliver,F,5,2767
Opel,F,5,2768
Orella,F,5,2769
Orianna,F,5,2770
Orie,F,5,2771
Orine,F,5,2772
Orlena,F,5,2773
Orline,F,5,2774
Orpah,F,5,2775
Orvilla,F,5,2776
Othelia,F,5,2777
Ottilia,F,5,2778
Oza,F,5,2779
Ozite,F,5,2780
Palmina,F,5,2781
Patrica,F,5,2782
Pearley,F,5,2783
Penny,F,5,2784
Percilla,F,5,2785
Percy,F,5,2786
Perle,F,5,2787
Permelia,F,5,2788
Peter,F,5,2789
Rachelle,F,5,2790
Ramah,F,5,2791
Ramie,F,5,2792
Reda,F,5,2793
Reecie,F,5,2794
Refugio,F,5,2795
Rettie,F,5,2796
Rhodie,F,5,2797
Romilda,F,5,2798
Ronnie,F,5,2799
Rosabell,F,5,2800
Roselia,F,5,2801
Rosey,F,5,2802
Roxy,F,5,2803
Ruie,F,5,2804
Sanjuana,F,5,2805
Savana,F,5,2806
Seferina,F,5,2807
Serafina,F,5,2808
Sharon,F,5,2809
Shirlie,F,5,2810
Shirly,F,5,2811
Simmie,F,5,2812
Soledad,F,5,2813
Susann,F,5,2814
Sweetie,F,5,2815
Syd,F,5,2816
Sydell,F,5,2817
Tecora,F,5,2818
Tekla,F,5,2819
Tempa,F,5,2820
Teodora,F,5,2821
Tera,F,5,2822
Terese,F,5,2823
Thelda,F,5,2824
Theoda,F,5,2825
Tilla,F,5,2826
Tom,F,5,2827
Tonita,F,5,2828
Toshiko,F,5,2829
Tresa,F,5,2830
Tsuruko,F,5,2831
Tura,F,5,2832
Twyla,F,5,2833
Unknown,F,5,2834
Val,F,5,2835
Valrie,F,5,2836
Vance,F,5,2837
Vandora,F,5,2838
Vaughn,F,5,2839
Vearl,F,5,2840
Veatrice,F,5,2841
Velmer,F,5,2842
Velvie,F,5,2843
Venora,F,5,2844
Verl,F,5,2845
Verlee,F,5,2846
Vermell,F,5,2847
Verniece,F,5,2848
Vertis,F,5,2849
Vicy,F,5,2850
Viena,F,5,2851
Viletta,F,5,2852
Vinia,F,5,2853
Viona,F,5,2854
Virda,F,5,2855
Wavie,F,5,2856
Wesley,F,5,2857
Wessie,F,5,2858
Wilhelmena,F,5,2859
Will,F,5,2860
Willella,F,5,2861
Willma,F,5,2862
Wladyslawa,F,5,2863
Yoshiko,F,5,2864
Zana,F,5,2865
Zenna,F,5,2866
Zilphia,F,5,2867
Zina,F,5,2868
John,M,13446,1
William,M,10593,2
James,M,9952,3
George,M,6586,4
Robert,M,6526,5
Joseph,M,6488,6
Charles,M,5725,7
Frank,M,4314,8
Edward,M,4164,9
Thomas,M,3292,10
Henry,M,3167,11
Walter,M,3074,12
Harry,M,2538,13
Willie,M,2492,14
Albert,M,2478,15
Harold,M,2448,16
Paul,M,2393,17
Arthur,M,2376,18
Raymond,M,2088,19
Richard,M,2030,20
Louis,M,1838,21
Fred,M,1808,22
Clarence,M,1775,23
Ralph,M,1674,24
Jack,M,1668,25
Carl,M,1574,26
David,M,1556,27
Howard,M,1467,28
Joe,M,1449,29
Samuel,M,1398,30
Roy,M,1394,31
Ernest,M,1338,32
Francis,M,1311,33
Earl,M,1305,34
Anthony,M,1288,35
Donald,M,1275,36
Lawrence,M,1221,37
Michael,M,1159,38
Alfred,M,1158,39
Kenneth,M,1148,40
Herbert,M,1125,41
Andrew,M,1098,42
Eugene,M,1059,43
Stanley,M,997,44
Charlie,M,978,45
Leonard,M,953,46
Sam,M,928,47
Elmer,M,894,48
Herman,M,853,49
Peter,M,845,50
Leo,M,844,51
Frederick,M,802,52
Daniel,M,796,53
Bernard,M,777,54
Russell,M,770,55
Theodore,M,753,56
Floyd,M,734,57
Chester,M,708,58
Leroy,M,706,59
Edwin,M,699,60
Clyde,M,697,61
Clifford,M,694,62
Norman,M,691,63
Benjamin,M,690,64
Lester,M,657,65
Lewis,M,654,66
Lee,M,646,67
Oscar,M,636,68
Philip,M,612,69
Milton,M,608,70
Ray,M,602,71
Jesse,M,596,72
Melvin,M,594,73
Lloyd,M,590,74
Martin,M,567,75
Cecil,M,560,76
Leon,M,540,77
Eddie,M,523,78
Jessie,M,500,79
Vincent,M,496,80
Victor,M,493,81
Marvin,M,488,82
Edgar,M,486,83
Stephen,M,486,84
Morris,M,478,85
Ben,M,467,86
Claude,M,466,87
Gerald,M,462,88
Alvin,M,460,89
Johnnie,M,455,90
Harvey,M,446,91
Sidney,M,432,92
Irving,M,431,93
Alexander,M,426,94
Homer,M,419,95
Vernon,M,418,96
Gordon,M,404,97
Allen,M,402,98
Maurice,M,397,99
Luther,M,394,100
Wilbur,M,386,101
Everett,M,384,102
Gilbert,M,369,103
Julius,M,368,104
Tom,M,365,105
Max,M,360,106
Virgil,M,355,107
Arnold,M,348,108
Nathan,M,348,109
Marion,M,346,110
Glenn,M,343,111
Manuel,M,340,112
Warren,M,338,113
Willard,M,338,114
Oliver,M,333,115
Jacob,M,323,116
Leslie,M,323,117
Curtis,M,321,118
Hubert,M,316,119
Nicholas,M,308,120
Hugh,M,307,121
Otis,M,302,122
Horace,M,300,123
Abraham,M,292,124
Earnest,M,283,125
Wayne,M,280,126
Archie,M,272,127
Patrick,M,272,128
Alex,M,268,129
Jose,M,268,130
Wesley,M,261,131
Wallace,M,257,132
Steve,M,255,133
Jim,M,245,134
Bill,M,243,135
Guy,M,243,136
Jimmie,M,243,137
Mike,M,243,138
Roger,M,241,139
Jerry,M,238,140
Ira,M,236,141
Edmund,M,235,142
Isaac,M,233,143
Willis,M,233,144
Glen,M,231,145
Orville,M,230,146
Roland,M,230,147
Rufus,M,230,148
Will,M,230,149
Otto,M,228,150
Bennie,M,227,151
Franklin,M,220,152
Matthew,M,220,153
Sylvester,M,219,154
Rudolph,M,217,155
Emil,M,214,156
Calvin,M,213,157
Lonnie,M,213,158
Jerome,M,212,159
Phillip,M,212,160
Nathaniel,M,207,161
Tony,M,207,162
Clifton,M,206,163
Dan,M,205,164
Clayton,M,203,165
Salvatore,M,200,166
Mack,M,197,167
Roosevelt,M,197,168
Elbert,M,195,169
Adam,M,189,170
Aaron,M,187,171
Johnie,M,184,172
Percy,M,184,173
Angelo,M,181,174
Nelson,M,180,175
Clinton,M,179,176
Marshall,M,178,177
Bert,M,177,178
Felix,M,173,179
Grady,M,173,180
Douglas,M,169,181
Amos,M,168,182
Wilfred,M,168,183
Don,M,167,184
Ellis,M,167,185
Wilbert,M,167,186
Antonio,M,166,187
August,M,166,188
Dennis,M,166,189
Ed,M,164,190
Irvin,M,164,191
Adolph,M,161,192
Charley,M,160,193
Alton,M,156,194
Karl,M,156,195
Owen,M,156,196
Bruce,M,155,197
Forrest,M,152,198
Julian,M,152,199
Perry,M,152,200
Tommie,M,152,201
Juan,M,151,202
Dale,M,150,203
Johnny,M,147,204
Ervin,M,144,205
Pete,M,143,206
Mark,M,142,207
Emmett,M,141,208
Delbert,M,140,209
Malcolm,M,140,210
Ross,M,140,211
Murray,M,139,212
Cornelius,M,138,213
Hyman,M,137,214
Ivan,M,137,215
Loyd,M,137,216
Simon,M,137,217
Ronald,M,136,218
Dave,M,135,219
Nick,M,130,220
Solomon,M,129,221
Wilson,M,129,222
Alonzo,M,128,223
Lyle,M,128,224
Moses,M,128,225
Preston,M,128,226
Leland,M,127,227
Roscoe,M,127,228
Jay,M,126,229
Emanuel,M,124,230
Sherman,M,123,231
Dominic,M,121,232
Laurence,M,121,233
Woodrow,M,121,234
Dominick,M,119,235
Merle,M,115,236
Elwood,M,114,237
Grover,M,114,238
Jasper,M,114,239
Carroll,M,113,240
Booker,M,110,241
Buster,M,110,242
Cleveland,M,110,243
Jake,M,110,244
Ollie,M,109,245
Reuben,M,109,246
Carlton,M,108,247
Aubrey,M,107,248
Dewey,M,107,249
Jess,M,106,250
Elmo,M,104,251
Lowell,M,104,252
Myron,M,104,253
Gene,M,102,254
Allan,M,101,255
Austin,M,101,256
Freddie,M,100,257
Gus,M,100,258
Millard,M,100,259
Troy,M,100,260
Barney,M,99,261
Mary,M,98,262
Claud,M,97,263
Ted,M,97,264
Byron,M,96,265
Fredrick,M,95,266
Abe,M,94,267
Dean,M,94,268
Elijah,M,94,269
Wendell,M,94,270
Erwin,M,92,271
Larry,M,92,272
Edmond,M,91,273
Monroe,M,91,274
Clement,M,90,275
Louie,M,90,276
Gerard,M,89,277
Kermit,M,89,278
Harley,M,88,279
Timothy,M,88,280
Dwight,M,87,281
Garland,M,87,282
Isadore,M,87,283
Levi,M,87,284
Reginald,M,86,285
Boyd,M,85,286
Forest,M,85,287
Burton,M,84,288
Christopher,M,83,289
Earle,M,83,290
Francisco,M,82,291
Harrison,M,82,292
Noah,M,82,293
Rex,M,82,294
Alphonse,M,81,295
Eli,M,81,296
Mose,M,80,297
Jesus,M,79,298
Mitchell,M,79,299
Cleo,M,78,300
Elvin,M,78,301
Sol,M,78,302
Wade,M,78,303
Wilmer,M,78,304
Anton,M,77,305
Loren,M,77,306
Ward,M,77,307
Bob,M,76,308
Jeff,M,76,309
Odell,M,76,310
Pedro,M,76,311
Cyril,M,75,312
Pasquale,M,75,313
Emory,M,74,314
Lionel,M,74,315
Patsy,M,74,316
Ramon,M,74,317
Randolph,M,74,318
Steven,M,74,319
Wiley,M,74,320
Morton,M,73,321
Tommy,M,71,322
Clair,M,70,323
Conrad,M,70,324
Emery,M,70,325
Russel,M,70,326
Spencer,M,70,327
Alfonso,M,69,328
Basil,M,69,329
Carlos,M,69,330
Rocco,M,69,331
Thurman,M,69,332
Wilford,M,69,333
Clark,M,68,334
Grant,M,67,335
Lynn,M,66,336
Al,M,65,337
Elton,M,65,338
Freeman,M,65,339
Eldon,M,64,340
Marcus,M,64,341
Ned,M,64,342
Stewart,M,64,343
Andy,M,63,344
Harlan,M,63,345
Meyer,M,63,346
Neal,M,63,347
Sammie,M,63,348
Bud,M,62,349
Lorenzo,M,62,350
Luke,M,62,351
Maynard,M,62,352
Foster,M,61,353
Scott,M,61,354
Hollis,M,60,355
Keith,M,60,356
Emerson,M,59,357
Hugo,M,59,358
Joel,M,59,359
Rodney,M,59,360
Ruben,M,59,361
Silas,M,59,362
Alva,M,58,363
Armand,M,58,364
Ellsworth,M,58,365
Neil,M,58,366
Vito,M,58,367
Hiram,M,57,368
Merrill,M,57,369
Roman,M,57,370
Saul,M,57,371
Anderson,M,56,372
Carmen,M,56,373
Elliott,M,56,374
Irwin,M,56,375
Mario,M,56,376
Milford,M,56,377
Weldon,M,56,378
Adrian,M,55,379
Alan,M,55,380
Dock,M,55,381
Norbert,M,55,382
Odis,M,55,383
Orval,M,55,384
Bruno,M,54,385
Emile,M,54,386
Morgan,M,54,387
Sydney,M,54,388
Augustus,M,53,389
Buford,M,53,390
Columbus,M,53,391
Delmar,M,53,392
Isidore,M,53,393
Van,M,53,394
Bertram,M,52,395
Clay,M,52,396
Doyle,M,52,397
Isiah,M,52,398
Dallas,M,51,399
Ferdinand,M,51,400
Fletcher,M,51,401
Harris,M,51,402
Ulysses,M,51,403
Benny,M,50,404
Carmine,M,50,405
Major,M,50,406
Miles,M,50,407
Truman,M,50,408
Aloysius,M,49,409
Maxwell,M,49,410
Pat,M,49,411
Rubin,M,49,412
Sanford,M,49,413
Seymour,M,49,414
Wilburn,M,49,415
Herschel,M,48,416
Napoleon,M,48,417
Oren,M,48,418
Stuart,M,48,419
Gabriel,M,47,420
Jefferson,M,47,421
Jules,M,47,422
Norris,M,47,423
Riley,M,47,424
Sterling,M,47,425
Alden,M,46,426
Buck,M,46,427
Ezra,M,46,428
Helen,M,46,429
Jackson,M,46,430
Judson,M,46,431
Elias,M,45,432
Jimmy,M,45,433
Laverne,M,45,434
Luis,M,45,435
Lyman,M,45,436
Mathew,M,45,437
Milo,M,45,438
Noble,M,45,439
Taylor,M,45,440
Enoch,M,44,441
Jean,M,44,442
Porter,M,44,443
Vern,M,44,444
Waldo,M,44,445
Chris,M,43,446
Edd,M,43,447
Hal,M,43,448
Joshua,M,43,449
Newton,M,43,450
Noel,M,43,451
Ambrose,M,42,452
Billy,M,42,453
Gustave,M,42,454
Ora,M,42,455
Palmer,M,42,456
Christian,M,41,457
Dudley,M,41,458
Kelly,M,41,459
Linwood,M,41,460
Dee,M,40,461
Frederic,M,40,462
Haywood,M,40,463
Israel,M,40,464
Jewell,M,40,465
Matt,M,40,466
Thaddeus,M,40,467
Travis,M,40,468
Coy,M,39,469
Rene,M,39,470
Darrell,M,38,471
Emmet,M,38,472
Garfield,M,38,473
Granville,M,38,474
Ike,M,38,475
Jewel,M,38,476
Lenard,M,38,477
Mervin,M,38,478
Micheal,M,38,479
Theron,M,38,480
Billie,M,37,481
Carson,M,37,482
Dewitt,M,37,483
Dick,M,37,484
Hoyt,M,37,485
Jeremiah,M,37,486
Lucius,M,37,487
Vance,M,37,488
Coleman,M,36,489
Frances,M,36,490
Gregory,M,36,491
Lucien,M,36,492
Miguel,M,36,493
Olin,M,36,494
Royal,M,36,495
Rudy,M,36,496
Arther,M,35,497
Connie,M,35,498
Eric,M,35,499
Hector,M,35,500
Marlin,M,35,501
Rosevelt,M,35,502
Shirley,M,35,503
Wilber,M,35,504
Winston,M,35,505
Allie,M,34,506
Arlie,M,34,507
Cletus,M,34,508
Houston,M,34,509
Junius,M,34,510
Lincoln,M,34,511
Romeo,M,34,512
Sigmund,M,34,513
Casey,M,33,514
Elzie,M,33,515
Isaiah,M,33,516
Junior,M,33,517
Lucian,M,33,518
Merlin,M,33,519
Merton,M,33,520
Pearl,M,33,521
Raleigh,M,33,522
Randall,M,33,523
Walker,M,33,524
Augustine,M,32,525
King,M,32,526
Lemuel,M,32,527
Lindsey,M,32,528
Nolan,M,32,529
Otho,M,32,530
Winfield,M,32,531
Wm,M,32,532
Alphonso,M,31,533
Davis,M,31,534
Dorothy,M,31,535
Harmon,M,31,536
Hermon,M,31,537
Hershel,M,31,538
Ivory,M,31,539
Jonas,M,31,540
Lacy,M,31,541
Otha,M,31,542
Pablo,M,31,543
Prince,M,31,544
Rolland,M,31,545
Theo,M,31,546
Webster,M,31,547
Abel,M,30,548
Alford,M,30,549
Antone,M,30,550
Early,M,30,551
Emmitt,M,30,552
Hardy,M,30,553
Josh,M,30,554
Mason,M,30,555
Olen,M,30,556
Omer,M,30,557
Raphael,M,30,558
Rosario,M,30,559
Rupert,M,30,560
Shelby,M,30,561
Casimir,M,29,562
Cyrus,M,29,563
Evan,M,29,564
Guadalupe,M,29,565
Ignatius,M,29,566
Lamar,M,29,567
Nat,M,29,568
Oswald,M,29,569
Phil,M,29,570
Reed,M,29,571
Ruby,M,29,572
Ruth,M,29,573
Terry,M,29,574
Valentine,M,29,575
Wilton,M,29,576
Alberto,M,28,577
Burl,M,28,578
Carlo,M,28,579
Graham,M,28,580
Gustav,M,28,581
Margaret,M,28,582
Vaughn,M,28,583
Alfredo,M,27,584
Alois,M,27,585
Bernie,M,27,586
Duane,M,27,587
Elisha,M,27,588
Everette,M,27,589
Fay,M,27,590
Hazel,M,27,591
Hobart,M,27,592
Mildred,M,27,593
Miller,M,27,594
Orlando,M,27,595
Vernie,M,27,596
Carter,M,26,597
Clare,M,26,598
Crawford,M,26,599
Dana,M,26,600
Hans,M,26,601
Hilton,M,26,602
Hobert,M,26,603
Obie,M,26,604
Aron,M,25,605
Asa,M,25,606
Benedict,M,25,607
Bennett,M,25,608
Bernice,M,25,609
Carmelo,M,25,610
Casimer,M,25,611
Chas,M,25,612
Delmer,M,25,613
Duncan,M,25,614
Felipe,M,25,615
Gary,M,25,616
Harland,M,25,617
Issac,M,25,618
Jason,M,25,619
Justin,M,25,620
Leander,M,25,621
Rafael,M,25,622
Sheldon,M,25,623
Andres,M,24,624
Bonnie,M,24,625
Casper,M,24,626
Clarance,M,24,627
Curley,M,24,628
Elmore,M,24,629
Elwin,M,24,630
Gaston,M,24,631
Hamilton,M,24,632
Jonathan,M,24,633
Jonnie,M,24,634
Julio,M,24,635
Lavern,M,24,636
Lawson,M,24,637
Newell,M,24,638
Sandy,M,24,639
Sylvan,M,24,640
Turner,M,24,641
Vivian,M,24,642
Walton,M,24,643
Albin,M,23,644
Americo,M,23,645
Angus,M,23,646
Benton,M,23,647
Berry,M,23,648
Beverly,M,23,649
Blaine,M,23,650
Clem,M,23,651
Cleve,M,23,652
Dalton,M,23,653
Domenic,M,23,654
Durward,M,23,655
Elroy,M,23,656
Gail,M,23,657
Garrett,M,23,658
Ludwig,M,23,659
Rogers,M,23,660
Royce,M,23,661
Salvador,M,23,662
Taft,M,23,663
Talmadge,M,23,664
Tim,M,23,665
Winfred,M,23,666
Adolphus,M,22,667
Allison,M,22,668
Alvis,M,22,669
Avery,M,22,670
Bradford,M,22,671
Burt,M,22,672
Carleton,M,22,673
Eldred,M,22,674
Eldridge,M,22,675
Felton,M,22,676
Gale,M,22,677
Haskell,M,22,678
Henery,M,22,679
Mac,M,22,680
Oral,M,22,681
Orin,M,22,682
Raymon,M,22,683
Regis,M,22,684
Rose,M,22,685
Seth,M,22,686
Sherwood,M,22,687
Williams,M,22,688
Abram,M,21,689
Alvie,M,21,690
Boyce,M,21,691
Bradley,M,21,692
Brady,M,21,693
Cary,M,21,694
Cliff,M,21,695
Denver,M,21,696
Evans,M,21,697
Fulton,M,21,698
Lawyer,M,21,699
Madison,M,21,700
Omar,M,21,701
Stanford,M,21,702
Teddy,M,21,703
Vincenzo,M,21,704
Watson,M,21,705
Wyman,M,21,706
Addison,M,20,707
Anna,M,20,708
Artie,M,20,709
Brown,M,20,710
Bryant,M,20,711
Cloyd,M,20,712
Domingo,M,20,713
Doris,M,20,714
Dorsey,M,20,715
Ernie,M,20,716
Florence,M,20,717
Hampton,M,20,718
Howell,M,20,719
Lucious,M,20,720
Mahlon,M,20,721
Marcel,M,20,722
Mckinley,M,20,723
Murry,M,20,724
Richmond,M,20,725
Rodger,M,20,726
Sammy,M,20,727
Sebastian,M,20,728
Tomas,M,20,729
Vester,M,20,730
Warner,M,20,731
Alf,M,19,732
Arden,M,19,733
Arvil,M,19,734
Benjiman,M,19,735
Darwin,M,19,736
Domenick,M,19,737
Emilio,M,19,738
Garnett,M,19,739
Hayden,M,19,740
Joesph,M,19,741
Jones,M,19,742
Junious,M,19,743
Leopold,M,19,744
Levy,M,19,745
Marie,M,19,746
Maxie,M,19,747
Merritt,M,19,748
Mitchel,M,19,749
Oran,M,19,750
Pierce,M,19,751
Quincy,M,19,752
Santo,M,19,753
Silvio,M,19,754
Thornton,M,19,755
Unknown,M,19,756
Waymon,M,19,757
Wylie,M,19,758
Armando,M,18,759
Benito,M,18,760
Bertrand,M,18,761
Earlie,M,18,762
Edison,M,18,763
Elizabeth,M,18,764
Enrique,M,18,765
Ernesto,M,18,766
Estel,M,18,767
Fernando,M,18,768
Fidel,M,18,769
Florian,M,18,770
Ford,M,18,771
Gaetano,M,18,772
Giles,M,18,773
Gregorio,M,18,774
Huston,M,18,775
Johnson,M,18,776
Jonah,M,18,777
Kent,M,18,778
Kirby,M,18,779
Louise,M,18,780
Moe,M,18,781
Mortimer,M,18,782
Murphy,M,18,783
Nels,M,18,784
Odie,M,18,785
Ottis,M,18,786
Raul,M,18,787
Reinhold,M,18,788
Rudolf,M,18,789
Smith,M,18,790
Vicente,M,18,791
Washington,M,18,792
Acie,M,17,793
Antoine,M,17,794
Arch,M,17,795
Cedric,M,17,796
Chauncey,M,17,797
Dillard,M,17,798
Eino,M,17,799
Elden,M,17,800
Elliot,M,17,801
Elza,M,17,802
Enos,M,17,803
Ethel,M,17,804
Golden,M,17,805
Hughie,M,17,806
Hunter,M,17,807
Llewellyn,M,17,808
Logan,M,17,809
Melville,M,17,810
Myer,M,17,811
Norton,M,17,812
Norwood,M,17,813
Ozie,M,17,814
Price,M,17,815
Ricardo,M,17,816
Roderick,M,17,817
Rueben,M,17,818
Santos,M,17,819
Tracy,M,17,820
Wellington,M,17,821
Wilfrid,M,17,822
Zack,M,17,823
Adelbert,M,16,824
Alvah,M,16,825
Arvid,M,16,826
Ashley,M,16,827
Bart,M,16,828
Buddy,M,16,829
Chalmer,M,16,830
Clint,M,16,831
Colie,M,16,832
Constantine,M,16,833
Cruz,M,16,834
Dexter,M,16,835
Einar,M,16,836
Emmit,M,16,837
Ennis,M,16,838
Ewell,M,16,839
Ezekiel,M,16,840
Ezell,M,16,841
Furman,M,16,842
Gaylord,M,16,843
General,M,16,844
Hayward,M,16,845
Henderson,M,16,846
Hezekiah,M,16,847
Kelley,M,16,848
Lonie,M,16,849
Meredith,M,16,850
Nickolas,M,16,851
Ocie,M,16,852
Rowland,M,16,853
Santiago,M,16,854
Wyatt,M,16,855
Abner,M,15,856
Alec,M,15,857
Alfonse,M,15,858
Alice,M,15,859
Anastacio,M,15,860
Archibald,M,15,861
Blair,M,15,862
Brooks,M,15,863
Bryan,M,15,864
Caleb,M,15,865
Cameron,M,15,866
Delmas,M,15,867
Duke,M,15,868
Eduardo,M,15,869
Elsie,M,15,870
Elvis,M,15,871
Evert,M,15,872
Franklyn,M,15,873
Fritz,M,15,874
Green,M,15,875
Hayes,M,15,876
Ignacio,M,15,877
Judge,M,15,878
Lorenza,M,15,879
Lovell,M,15,880
Marcellus,M,15,881
Margarito,M,15,882
Mariano,M,15,883
Myles,M,15,884
Opal,M,15,885
Parker,M,15,886
Reese,M,15,887
Roberto,M,15,888
Rosendo,M,15,889
Sumner,M,15,890
Theadore,M,15,891
Toivo,M,15,892
Tomie,M,15,893
Werner,M,15,894
Winthrop,M,15,895
Aldo,M,14,896
Alma,M,14,897
Alonza,M,14,898
Beryl,M,14,899
Carey,M,14,900
Claire,M,14,901
Elgin,M,14,902
Elie,M,14,903
Ellwood,M,14,904
Essie,M,14,905
Farris,M,14,906
Frankie,M,14,907
Gladys,M,14,908
Hallie,M,14,909
Henri,M,14,910
Holland,M,14,911
Ida,M,14,912
Josephine,M,14,913
Monte,M,14,914
Olan,M,14,915
Osborne,M,14,916
Rollie,M,14,917
Sim,M,14,918
Son,M,14,919
Sonny,M,14,920
Stacy,M,14,921
Thurston,M,14,922
Titus,M,14,923
West,M,14,924
Adolf,M,13,925
Amerigo,M,13,926
Arne,M,13,927
Artis,M,13,928
Arturo,M,13,929
Arvel,M,13,930
Audrey,M,13,931
Auther,M,13,932
Barton,M,13,933
Bascom,M,13,934
Claudie,M,13,935
Clovis,M,13,936
Dawson,M,13,937
Dayton,M,13,938
Denzil,M,13,939
Doc,M,13,940
Eligah,M,13,941
Enrico,M,13,942
Ephraim,M,13,943
Esther,M,13,944
Gasper,M,13,945
Gertrude,M,13,946
Grace,M,13,947
Guido,M,13,948
Gussie,M,13,949
Hilliard,M,13,950
Hosea,M,13,951
Jennings,M,13,952
Lafayette,M,13,953
Lambert,M,13,954
Leamon,M,13,955
Lennie,M,13,956
Lenord,M,13,957
Leonardo,M,13,958
Lillian,M,13,959
Lon,M,13,960
Lonzo,M,13,961
Loyal,M,13,962
Lucille,M,13,963
Manley,M,13,964
Olaf,M,13,965
Orrin,M,13,966
Quentin,M,13,967
Ransom,M,13,968
Rayford,M,13,969
Stanton,M,13,970
Talmage,M,13,971
Tillman,M,13,972
Tyler,M,13,973
Urban,M,13,974
Verlin,M,13,975
Verne,M,13,976
Verner,M,13,977
Wash,M,13,978
Waverly,M,13,979
Wayman,M,13,980
Worth,M,13,981
Algie,M,12,982
Angel,M,12,983
Baxter,M,12,984
Bee,M,12,985
Bertie,M,12,986
Bishop,M,12,987
Blake,M,12,988
Blas,M,12,989
Bobbie,M,12,990
Bobby,M,12,991
Camille,M,12,992
Carol,M,12,993
Cleon,M,12,994
Cornell,M,12,995
Cullen,M,12,996
Darrel,M,12,997
Denis,M,12,998
Donovan,M,12,999
Finis,M,12,1000
Fleming,M,12,1001
Fredric,M,12,1002
Gardner,M,12,1003
Garnet,M,12,1004
Gennaro,M,12,1005
Gerhard,M,12,1006
Giuseppe,M,12,1007
Hilary,M,12,1008
Hillard,M,12,1009
Hymen,M,12,1010
Ivey,M,12,1011
Jamie,M,12,1012
Jethro,M,12,1013
Jordan,M,12,1014
Julious,M,12,1015
Kurt,M,12,1016
Lauren,M,12,1017
Lem,M,12,1018
Lige,M,12,1019
Loran,M,12,1020
Loy,M,12,1021
Mathias,M,12,1022
Metro,M,12,1023
Namon,M,12,1024
Nello,M,12,1025
Norval,M,12,1026
Oakley,M,12,1027
Oneal,M,12,1028
Pink,M,12,1029
Reino,M,12,1030
Thad,M,12,1031
Thelma,M,12,1032
Weaver,M,12,1033
Weston,M,12,1034
Winford,M,12,1035
Wright,M,12,1036
Young,M,12,1037
Ann,M,11,1038
Anson,M,11,1039
Arno,M,11,1040
Arvo,M,11,1041
Aurelio,M,11,1042
Axel,M,11,1043
Bailey,M,11,1044
Belton,M,11,1045
Benjaman,M,11,1046
Bernardo,M,11,1047
Burley,M,11,1048
Caesar,M,11,1049
Catherine,M,11,1050
Champ,M,11,1051
Christ,M,11,1052
Cicero,M,11,1053
Clara,M,11,1054
Cleatus,M,11,1055
Corbett,M,11,1056
Craig,M,11,1057
Dell,M,11,1058
Dempsey,M,11,1059
Denton,M,11,1060
Domenico,M,11,1061
Donat,M,11,1062
Edna,M,11,1063
Edson,M,11,1064
Elsworth,M,11,1065
Elwyn,M,11,1066
Evelyn,M,11,1067
Federico,M,11,1068
Fortunato,M,11,1069
Geo,M,11,1070
Godfrey,M,11,1071
Griffin,M,11,1072
Hansel,M,11,1073
Helmer,M,11,1074
Hudson,M,11,1075
Hurley,M,11,1076
Inez,M,11,1077
Isidor,M,11,1078
Isom,M,11,1079
Ivar,M,11,1080
Ivy,M,11,1081
Jodie,M,11,1082
Johney,M,11,1083
Kirk,M,11,1084
Kyle,M,11,1085
Laurel,M,11,1086
Lawerence,M,11,1087
Leopoldo,M,11,1088
Lesley,M,11,1089
Lex,M,11,1090
Lois,M,11,1091
Love,M,11,1092
Loyce,M,11,1093
Lynwood,M,11,1094
Marco,M,11,1095
Marian,M,11,1096
Marshal,M,11,1097
Martha,M,11,1098
Minor,M,11,1099
Ole,M,11,1100
Olie,M,11,1101
Orie,M,11,1102
Orland,M,11,1103
Ossie,M,11,1104
Ovila,M,11,1105
Pleas,M,11,1106
Reece,M,11,1107
Reynaldo,M,11,1108
Rollin,M,11,1109
Rush,M,11,1110
Soloman,M,11,1111
Terrence,M,11,1112
Verl,M,11,1113
Virgle,M,11,1114
Wardell,M,11,1115
Willam,M,11,1116
Addie,M,10,1117
Almond,M,10,1118
Andre,M,10,1119
Annie,M,10,1120
Attilio,M,10,1121
Audie,M,10,1122
Beatrice,M,10,1123
Buddie,M,10,1124
Burnell,M,10,1125
Burnett,M,10,1126
Butler,M,10,1127
Carlyle,M,10,1128
Christy,M,10,1129
Cole,M,10,1130
Collie,M,10,1131
Collins,M,10,1132
Cooper,M,10,1133
Dante,M,10,1134
Deward,M,10,1135
Donnie,M,10,1136
Elvie,M,10,1137
Ernst,M,10,1138
Esaw,M,10,1139
Ferris,M,10,1140
Finley,M,10,1141
Foy,M,10,1142
Frazier,M,10,1143
French,M,10,1144
Gino,M,10,1145
Glendon,M,10,1146
Guillermo,M,10,1147
Gust,M,10,1148
Hamp,M,10,1149
Harvie,M,10,1150
Hershell,M,10,1151
Hill,M,10,1152
Hollie,M,10,1153
Hosey,M,10,1154
Hosie,M,10,1155
Huey,M,10,1156
Hurshel,M,10,1157
Isabel,M,10,1158
Jacques,M,10,1159
Jerald,M,10,1160
Jule,M,10,1161
Julia,M,10,1162
Lane,M,10,1163
Lenwood,M,10,1164
Levie,M,10,1165
Lew,M,10,1166
Linton,M,10,1167
Lorenz,M,10,1168
Luciano,M,10,1169
Mabel,M,10,1170
Malcom,M,10,1171
Manford,M,10,1172
Mel,M,10,1173
Michele,M,10,1174
Milan,M,10,1175
Perley,M,10,1176
Rayfield,M,10,1177
Reno,M,10,1178
Robbie,M,10,1179
Ronnie,M,10,1180
Sal,M,10,1181
Spurgeon,M,10,1182
Stanislaw,M,10,1183
Ulyses,M,10,1184
Waino,M,10,1185
Wayland,M,10,1186
Webb,M,10,1187
Woodie,M,10,1188
Zeb,M,10,1189
Adolfo,M,9,1190
Albertus,M,9,1191
Albino,M,9,1192
Alcide,M,9,1193
Alpha,M,9,1194
Art,M,9,1195
Atlee,M,9,1196
Barnett,M,9,1197
Bartholomew,M,9,1198
Benjamine,M,9,1199
Bentley,M,9,1200
Bessie,M,9,1201
Bilbo,M,9,1202
Burgess,M,9,1203
Calvert,M,9,1204
Casmer,M,9,1205
Clemon,M,9,1206
Coley,M,9,1207
Conley,M,9,1208
Cortez,M,9,1209
Danny,M,9,1210
Denny,M,9,1211
Egbert,M,9,1212
Elige,M,9,1213
Ella,M,9,1214
Ellen,M,9,1215
Ellery,M,9,1216
Erving,M,9,1217
Ester,M,9,1218
Eva,M,9,1219
Ewing,M,9,1220
Farrell,M,9,1221
Florencio,M,9,1222
Francesco,M,9,1223
Gaines,M,9,1224
Galen,M,9,1225
Gilberto,M,9,1226
Gorden,M,9,1227
Hadley,M,9,1228
Haskel,M,9,1229
Hilario,M,9,1230
Hillary,M,9,1231
Hoke,M,9,1232
Horton,M,9,1233
Jennie,M,9,1234
Jon,M,9,1235
Josiah,M,9,1236
Juluis,M,9,1237
Kay,M,9,1238
Kendall,M,9,1239
Lacey,M,9,1240
Larkin,M,9,1241
Leeroy,M,9,1242
Leigh,M,9,1243
Lemmie,M,9,1244
Lillie,M,9,1245
Lindsay,M,9,1246
Linus,M,9,1247
Loring,M,9,1248
Lou,M,9,1249
Lupe,M,9,1250
Malvin,M,9,1251
Marcelino,M,9,1252
Melton,M,9,1253
Merl,M,9,1254
Milburn,M,9,1255
Murl,M,9,1256
Newman,M,9,1257
Nicolas,M,9,1258
Nora,M,9,1259
Nunzio,M,9,1260
Orvel,M,9,1261
Pauline,M,9,1262
Peyton,M,9,1263
Pierre,M,9,1264
Prentice,M,9,1265
Quinton,M,9,1266
Raoul,M,9,1267
Reid,M,9,1268
Reynold,M,9,1269
Roby,M,9,1270
Rodolfo,M,9,1271
Roe,M,9,1272
Rosco,M,9,1273
Sanders,M,9,1274
Sarah,M,9,1275
Shelley,M,9,1276
Simeon,M,9,1277
Solon,M,9,1278
Squire,M,9,1279
Stafford,M,9,1280
Stephan,M,9,1281
Stonewall,M,9,1282
Sullivan,M,9,1283
Thelbert,M,9,1284
Theophilus,M,9,1285
Toney,M,9,1286
Vernal,M,9,1287
Virginia,M,9,1288
Zeke,M,9,1289
Abbott,M,8,1290
Alexis,M,8,1291
Alfonza,M,8,1292
Ansel,M,8,1293
Armon,M,8,1294
Armond,M,8,1295
Authur,M,8,1296
Barry,M,8,1297
Bernhardt,M,8,1298
Beulah,M,8,1299
Blease,M,8,1300
Brice,M,8,1301
Burdette,M,8,1302
Cal,M,8,1303
Carrie,M,8,1304
Clemens,M,8,1305
Comer,M,8,1306
Dannie,M,8,1307
Dillon,M,8,1308
Douglass,M,8,1309
Durwood,M,8,1310
Edith,M,8,1311
Elex,M,8,1312
Eloy,M,8,1313
Emma,M,8,1314
Emmanuel,M,8,1315
Erman,M,8,1316
Esteban,M,8,1317
Estill,M,8,1318
Eugenio,M,8,1319
Fabian,M,8,1320
Gabe,M,8,1321
Garnie,M,8,1322
Garvin,M,8,1323
Gerhardt,M,8,1324
Giovanni,M,8,1325
Graydon,M,8,1326
Guilford,M,8,1327
Gustavo,M,8,1328
Heber,M,8,1329
Herschell,M,8,1330
Hulon,M,8,1331
Hurbert,M,8,1332
Irene,M,8,1333
Ishmael,M,8,1334
Isreal,M,8,1335
Jackie,M,8,1336
Johny,M,8,1337
Josef,M,8,1338
June,M,8,1339
Justo,M,8,1340
Lamon,M,8,1341
Lawton,M,8,1342
Leighton,M,8,1343
Len,M,8,1344
Lessie,M,8,1345
Lorin,M,8,1346
Mat,M,8,1347
Merwin,M,8,1348
Mickey,M,8,1349
Montgomery,M,8,1350
Murrell,M,8,1351
Myrle,M,8,1352
Myrtle,M,8,1353
Oddie,M,8,1354
Odus,M,8,1355
Oris,M,8,1356
Orson,M,8,1357
Orvil,M,8,1358
Othel,M,8,1359
Paris,M,8,1360
Park,M,8,1361
Pius,M,8,1362
Press,M,8,1363
Refugio,M,8,1364
Robin,M,8,1365
Salvadore,M,8,1366
Selmer,M,8,1367
Sheridan,M,8,1368
Stanislaus,M,8,1369
Starling,M,8,1370
Terrell,M,8,1371
Thedore,M,8,1372
Todd,M,8,1373
Toy,M,8,1374
Vardaman,M,8,1375
Velma,M,8,1376
Vergil,M,8,1377
Verle,M,8,1378
Von,M,8,1379
Waddell,M,8,1380
Waldemar,M,8,1381
Wells,M,8,1382
Westley,M,8,1383
Whitney,M,8,1384
Wilborn,M,8,1385
Ysidro,M,8,1386
Ace,M,7,1387
Alfons,M,7,1388
Alfonzo,M,7,1389
Almer,M,7,1390
Alphonzo,M,7,1391
Alto,M,7,1392
Ancil,M,7,1393
Ardell,M,7,1394
Arley,M,7,1395
Arnie,M,7,1396
Asbury,M,7,1397
Ashton,M,7,1398
Author,M,7,1399
Barnie,M,7,1400
Benson,M,7,1401
Berkley,M,7,1402
Biagio,M,7,1403
Brian,M,7,1404
Burnice,M,7,1405
Burr,M,7,1406
Burris,M,7,1407
Carrol,M,7,1408
Ceasar,M,7,1409
Chalmers,M,7,1410
Cleave,M,7,1411
Clell,M,7,1412
Clide,M,7,1413
Cody,M,7,1414
Colin,M,7,1415
Cornelious,M,7,1416
Cosmo,M,7,1417
Damon,M,7,1418
Davie,M,7,1419
Della,M,7,1420
Diego,M,7,1421
Donaciano,M,7,1422
Drew,M,7,1423
Edger,M,7,1424
Edouard,M,7,1425
Edwardo,M,7,1426
Effie,M,7,1427
Elam,M,7,1428
Elihu,M,7,1429
Ellie,M,7,1430
Elson,M,7,1431
Erich,M,7,1432
Erskine,M,7,1433
Estil,M,7,1434
Ethan,M,7,1435
Ettore,M,7,1436
Euell,M,7,1437
Eunice,M,7,1438
Evertt,M,7,1439
Ewald,M,7,1440
Fannie,M,7,1441
Ferd,M,7,1442
Fern,M,7,1443
Georgia,M,7,1444
Gilman,M,7,1445
Glynn,M,7,1446
Gradie,M,7,1447
Gray,M,7,1448
Halbert,M,7,1449
Hammond,M,7,1450
Hardin,M,7,1451
Harman,M,7,1452
Hartwell,M,7,1453
Hattie,M,7,1454
Hebert,M,7,1455
Hercules,M,7,1456
Hervey,M,7,1457
Hester,M,7,1458
Heyward,M,7,1459
Hilbert,M,7,1460
Hilmer,M,7,1461
Hinton,M,7,1462
Hjalmer,M,7,1463
Ignazio,M,7,1464
Ingram,M,7,1465
Ismael,M,7,1466
Iva,M,7,1467
Ival,M,7,1468
Iver,M,7,1469
Joan,M,7,1470
Joyce,M,7,1471
Laddie,M,7,1472
Lake,M,7,1473
Laura,M,7,1474
Lemon,M,7,1475
Lenon,M,7,1476
Lewie,M,7,1477
Lisle,M,7,1478
Loney,M,7,1479
Loretta,M,7,1480
Lorne,M,7,1481
Lucas,M,7,1482
Marcos,M,7,1483
Maria,M,7,1484
Marvel,M,7,1485
Matthews,M,7,1486
Mervyn,M,7,1487
Minnie,M,7,1488
Moody,M,7,1489
Morrison,M,7,1490
Nathanial,M,7,1491
Nehemiah,M,7,1492
Nevin,M,7,1493
Nolen,M,7,1494
Normand,M,7,1495
Norvel,M,7,1496
Norvell,M,7,1497
Okey,M,7,1498
Olive,M,7,1499
Orion,M,7,1500
Orlo,M,7,1501
Orris,M,7,1502
Ova,M,7,1503
Pascal,M,7,1504
Pearlie,M,7,1505
Plummer,M,7,1506
Ramond,M,7,1507
Remus,M,7,1508
Rolla,M,7,1509
Rube,M,7,1510
Rutherford,M,7,1511
Sampson,M,7,1512
Samson,M,7,1513
Seldon,M,7,1514
Shelton,M,7,1515
Sid,M,7,1516
Sigurd,M,7,1517
Silvester,M,7,1518
Simpson,M,7,1519
Sulo,M,7,1520
Therman,M,7,1521
Thurmond,M,7,1522
Tobe,M,7,1523
Toby,M,7,1524
Verna,M,7,1525
Virgie,M,7,1526
Wally,M,7,1527
Welton,M,7,1528
Wheeler,M,7,1529
Willian,M,7,1530
Willy,M,7,1531
Winifred,M,7,1532
Winton,M,7,1533
Woodson,M,7,1534
York,M,7,1535
Zigmund,M,7,1536
Adelard,M,6,1537
Adell,M,6,1538
Adrien,M,6,1539
Alferd,M,6,1540
Almon,M,6,1541
Alphonsa,M,6,1542
Ammon,M,6,1543
Amon,M,6,1544
Anselmo,M,6,1545
Arlin,M,6,1546
Arlington,M,6,1547
Arthor,M,6,1548
Atwood,M,6,1549
Augusta,M,6,1550
Banks,M,6,1551
Beecher,M,6,1552
Berlin,M,6,1553
Bernardino,M,6,1554
Bethel,M,6,1555
Birger,M,6,1556
Blanche,M,6,1557
Bonifacio,M,6,1558
Braxton,M,6,1559
Broadus,M,6,1560
Budd,M,6,1561
Burrell,M,6,1562
Burtis,M,6,1563
Carmel,M,6,1564
Cato,M,6,1565
Charlton,M,6,1566
Choice,M,6,1567
Clearence,M,6,1568
Cleatis,M,6,1569
Clemmie,M,6,1570
Cleophas,M,6,1571
Cleophus,M,6,1572
Cline,M,6,1573
Cloyce,M,6,1574
Colbert,M,6,1575
Collis,M,6,1576
Colonel,M,6,1577
Conway,M,6,1578
Creed,M,6,1579
Curt,M,6,1580
Dabney,M,6,1581
Danial,M,6,1582
Del,M,6,1583
Denzel,M,6,1584
Dossie,M,6,1585
Edmon,M,6,1586
Elba,M,6,1587
Elbridge,M,6,1588
Elder,M,6,1589
Eleanor,M,6,1590
Eliot,M,6,1591
Eliseo,M,6,1592
Ellison,M,6,1593
Elma,M,6,1594
Elmon,M,6,1595
Ely,M,6,1596
Esau,M,6,1597
Estes,M,6,1598
Estle,M,6,1599
Eston,M,6,1600
Euel,M,6,1601
Eulas,M,6,1602
Everet,M,6,1603
Ewart,M,6,1604
Faye,M,6,1605
Fenton,M,6,1606
Franz,M,6,1607
Fuller,M,6,1608
Garner,M,6,1609
Garth,M,6,1610
Gay,M,6,1611
Gayle,M,6,1612
Gentry,M,6,1613
Geroge,M,6,1614
Geronimo,M,6,1615
Gibson,M,6,1616
Gifford,M,6,1617
Gilmore,M,6,1618
Glenwood,M,6,1619
Gorman,M,6,1620
Guiseppe,M,6,1621
Gustaf,M,6,1622
Gustavus,M,6,1623
Hamlet,M,6,1624
Hardie,M,6,1625
Harlon,M,6,1626
Harlow,M,6,1627
Herold,M,6,1628
Hiawatha,M,6,1629
Holly,M,6,1630
Holt,M,6,1631
Hope,M,6,1632
Hoy,M,6,1633
Irvine,M,6,1634
Jeffrey,M,6,1635
Jere,M,6,1636
Jettie,M,6,1637
Jo,M,6,1638
Joaquin,M,6,1639
Josephus,M,6,1640
Joy,M,6,1641
Justus,M,6,1642
Kazuo,M,6,1643
Kee,M,6,1644
Ken,M,6,1645
Kennith,M,6,1646
Laban,M,6,1647
Landon,M,6,1648
Larue,M,6,1649
Layton,M,6,1650
Leonel,M,6,1651
Leonidas,M,6,1652
Linden,M,6,1653
Link,M,6,1654
Lola,M,6,1655
Lonzie,M,6,1656
Lovie,M,6,1657
Lucile,M,6,1658
Luigi,M,6,1659
Lyndon,M,6,1660
Maceo,M,6,1661
Mae,M,6,1662
Magnus,M,6,1663
Malachi,M,6,1664
Man,M,6,1665
Mann,M,6,1666
Mannie,M,6,1667
Manny,M,6,1668
Marcella,M,6,1669
Marcial,M,6,1670
Mattie,M,6,1671
Melbourne,M,6,1672
Melford,M,6,1673
Moise,M,6,1674
Natale,M,6,1675
Nath,M,6,1676
Nathon,M,6,1677
Natividad,M,6,1678
Nellie,M,6,1679
Nestor,M,6,1680
Newt,M,6,1681
Nicola,M,6,1682
Octavius,M,6,1683
Opie,M,6,1684
Orvin,M,6,1685
Osborn,M,6,1686
Other,M,6,1687
Ottie,M,6,1688
Overton,M,6,1689
Page,M,6,1690
Payne,M,6,1691
Payton,M,6,1692
Pinkney,M,6,1693
Pleasant,M,6,1694
Prentiss,M,6,1695
Primus,M,6,1696
Rae,M,6,1697
Ralston,M,6,1698
Randle,M,6,1699
Raynor,M,6,1700
Reubin,M,6,1701
Rexford,M,6,1702
Rito,M,6,1703
Rivers,M,6,1704
Rosa,M,6,1705
Ruel,M,6,1706
Rulon,M,6,1707
Ryan,M,6,1708
Sallie,M,6,1709
Samual,M,6,1710
Saverio,M,6,1711
Selma,M,6,1712
Sloan,M,6,1713
Sonnie,M,6,1714
Sven,M,6,1715
Takeo,M,6,1716
Theodis,M,6,1717
Thompson,M,6,1718
Tiburcio,M,6,1719
Tilman,M,6,1720
Tolbert,M,6,1721
Trinidad,M,6,1722
Tyree,M,6,1723
Uriah,M,6,1724
Valentino,M,6,1725
Vaughan,M,6,1726
Vera,M,6,1727
Vernell,M,6,1728
Vinson,M,6,1729
Virgel,M,6,1730
Wallis,M,6,1731
Welcome,M,6,1732
Weyman,M,6,1733
Whit,M,6,1734
Wilhelm,M,6,1735
Winslow,M,6,1736
Wladyslaw,M,6,1737
Ygnacio,M,6,1738
Zollie,M,6,1739
Achille,M,5,1740
Aden,M,5,1741
Adolphe,M,5,1742
Aleck,M,5,1743
Allyn,M,5,1744
Almo,M,5,1745
Alpheus,M,5,1746
Alphonsus,M,5,1747
Alson,M,5,1748
Ambers,M,5,1749
Amy,M,5,1750
Amzie,M,5,1751
Anne,M,5,1752
Archer,M,5,1753
Arie,M,5,1754
Arlis,M,5,1755
Arlo,M,5,1756
Armin,M,5,1757
Arrie,M,5,1758
Arville,M,5,1759
Astor,M,5,1760
Aubry,M,5,1761
Bartlett,M,5,1762
Beauford,M,5,1763
Bedford,M,5,1764
Berman,M,5,1765
Bernerd,M,5,1766
Bertha,M,5,1767
Berton,M,5,1768
Blanchard,M,5,1769
Bliss,M,5,1770
Bluford,M,5,1771
Boleslaus,M,5,1772
Boris,M,5,1773
Boysie,M,5,1774
Burnie,M,5,1775
Byrd,M,5,1776
Callie,M,5,1777
Carney,M,5,1778
Caro,M,5,1779
Catarino,M,5,1780
Chancy,M,5,1781
Chandler,M,5,1782
Chapman,M,5,1783
Christie,M,5,1784
Cipriano,M,5,1785
Clarice,M,5,1786
Clarion,M,5,1787
Claus,M,5,1788
Clayborne,M,5,1789
Clements,M,5,1790
Commodore,M,5,1791
Constant,M,5,1792
Cornelio,M,5,1793
Cosimo,M,5,1794
Courtney,M,5,1795
Currie,M,5,1796
Curtiss,M,5,1797
Cy,M,5,1798
Darl,M,5,1799
Deforest,M,5,1800
Delma,M,5,1801
Delmon,M,5,1802
Delton,M,5,1803
Demetrio,M,5,1804
Desmond,M,5,1805
Dionicio,M,5,1806
Dixon,M,5,1807
Doctor,M,5,1808
Dolph,M,5,1809
Dolphus,M,5,1810
Donato,M,5,1811
Dorris,M,5,1812
Dow,M,5,1813
Dutch,M,5,1814
Eldo,M,5,1815
Eliga,M,5,1816
Elis,M,5,1817
Elon,M,5,1818
Elston,M,5,1819
Emerald,M,5,1820
Emit,M,5,1821
Ephriam,M,5,1822
Erik,M,5,1823
Erling,M,5,1824
Erma,M,5,1825
Ervie,M,5,1826
Eusebio,M,5,1827
Evander,M,5,1828
Evaristo,M,5,1829
Fate,M,5,1830
Feliciano,M,5,1831
Ferrell,M,5,1832
Fiore,M,5,1833
Garry,M,5,1834
Gaspar,M,5,1835
Gaspare,M,5,1836
Genaro,M,5,1837
Geoffrey,M,5,1838
German,M,5,1839
Gerry,M,5,1840
Gerson,M,5,1841
Gillis,M,5,1842
Gilmer,M,5,1843
Girard,M,5,1844
Glennie,M,5,1845
Gomer,M,5,1846
Gonzalo,M,5,1847
Goodwin,M,5,1848
Grayson,M,5,1849
Gurney,M,5,1850
Guss,M,5,1851
Halley,M,5,1852
Hanford,M,5,1853
Hank,M,5,1854
Harlen,M,5,1855
Harlie,M,5,1856
Harrell,M,5,1857
Hazen,M,5,1858
Heman,M,5,1859
Herve,M,5,1860
Hideo,M,5,1861
Hildred,M,5,1862
Hogan,M,5,1863
Holley,M,5,1864
Holman,M,5,1865
Hulbert,M,5,1866
Humbert,M,5,1867
Hyrum,M,5,1868
Idell,M,5,1869
Isac,M,5,1870
Isador,M,5,1871
Italo,M,5,1872
Jeffie,M,5,1873
Jens,M,5,1874
Jerrold,M,5,1875
Jhon,M,5,1876
Julien,M,5,1877
Karol,M,5,1878
Katherine,M,5,1879
Keller,M,5,1880
Ladislaus,M,5,1881
Lamont,M,5,1882
Lance,M,5,1883
Lando,M,5,1884
Langdon,M,5,1885
Lannie,M,5,1886
Lattie,M,5,1887
Lavette,M,5,1888
Lazaro,M,5,1889
Le,M,5,1890
Leandro,M,5,1891
Legrand,M,5,1892
Lehman,M,5,1893
Lena,M,5,1894
Lennart,M,5,1895
Linn,M,5,1896
Linzie,M,5,1897
Liston,M,5,1898
Littleton,M,5,1899
Loraine,M,5,1900
Lott,M,5,1901
Lovett,M,5,1902
Ludie,M,5,1903
Lula,M,5,1904
Lysle,M,5,1905
Macy,M,5,1906
Manfred,M,5,1907
Manning,M,5,1908
Marinus,M,5,1909
Marshel,M,5,1910
Mart,M,5,1911
Masao,M,5,1912
Massie,M,5,1913
Mathews,M,5,1914
Matteo,M,5,1915
May,M,5,1916
Mearl,M,5,1917
Medford,M,5,1918
Menno,M,5,1919
Merlyn,M,5,1920
Merrell,M,5,1921
Michal,M,5,1922
Miner,M,5,1923
Monnie,M,5,1924
Myrl,M,5,1925
Narciso,M,5,1926
Nesbitt,M,5,1927
Neville,M,5,1928
Norvin,M,5,1929
Nova,M,5,1930
Octavio,M,5,1931
Onie,M,5,1932
Orange,M,5,1933
Osie,M,5,1934
Oval,M,5,1935
Ovid,M,5,1936
Ovide,M,5,1937
Ozell,M,5,1938
Ozzie,M,5,1939
Purvis,M,5,1940
Radford,M,5,1941
Red,M,5,1942
Reinhard,M,5,1943
Renato,M,5,1944
Reynolds,M,5,1945
Robt,M,5,1946
Rodgers,M,5,1947
Rodolphe,M,5,1948
Rollo,M,5,1949
Romain,M,5,1950
Romie,M,5,1951
Rosalio,M,5,1952
Roswell,M,5,1953
Roxie,M,5,1954
Salomon,M,5,1955
Salvator,M,5,1956
Savannah,M,5,1957
Sears,M,5,1958
Selden,M,5,1959
Seward,M,5,1960
Shellie,M,5,1961
Shigeru,M,5,1962
Sig,M,5,1963
Silver,M,5,1964
Silverio,M,5,1965
Simmie,M,5,1966
Stefan,M,5,1967
Stoddard,M,5,1968
Terence,M,5,1969
Terrance,M,5,1970
Tex,M,5,1971
Theresa,M,5,1972
Thurlow,M,5,1973
Tilden,M,5,1974
Tobbie,M,5,1975
Tobias,M,5,1976
Tyrus,M,5,1977
Ulmer,M,5,1978
Umberto,M,5,1979
Val,M,5,1980
Valmore,M,5,1981
Vander,M,5,1982
Vernard,M,5,1983
Vernice,M,5,1984
Veto,M,5,1985
Viola,M,5,1986
Vonnie,M,5,1987
Waylon,M,5,1988
Wendel,M,5,1989
Wilburt,M,5,1990
Wilho,M,5,1991
Willaim,M,5,1992
Williard,M,5,1993
Woodard,M,5,1994
Woodford,M,5,1995
Woody,M,5,1996
Yoshio,M,5,1997
Zenas,M,5,1998
Zenon,M,5,1999
